3cpio	0.14.0-1ubuntu1	amd64
accountsservice	23.13.9-8ubuntu5	amd64
acl	2.3.2-2	amd64
adcli	0.9.2-1ubuntu3	amd64
adduser	3.153ubuntu1	amd64
adwaita-icon-theme	50.0-1	amd64
alsa-base	1.0.25+dfsg-0ubuntu9	amd64
alsa-topology-conf	1.2.5.1-3build1	amd64
alsa-ucm-conf	1.2.15.3-1ubuntu1	amd64
alsa-utils	1.2.15.2-1ubuntu1	amd64
amd64-microcode	3.20251202.1ubuntu2	amd64
anacron	2.3-45ubuntu1	amd64
apparmor	5.0.0~beta1-0ubuntu7	amd64
apport	2.34.0-0ubuntu2	amd64
apport-core-dump-handler	2.34.0-0ubuntu2	amd64
apport-gtk	2.34.0-0ubuntu2	amd64
apport-symptoms	0.25build1	amd64
appstream	1.1.2-1	amd64
apt	3.2.0	amd64
apt-config-icons	1.1.2-1	amd64
apt-config-icons-hidpi	1.1.2-1	amd64
aptdaemon	2.0.2build1	amd64
aptdaemon-data	2.0.2build1	amd64
aspell	0.60.8.2-3	amd64
aspell-en	2020.12.07-0-1.1build1	amd64
at-spi2-common	2.60.0-1	amd64
at-spi2-core	2.60.0-1	amd64
avahi-daemon	0.8-18ubuntu1	amd64
baobab	49.1-2	amd64
base-files	14ubuntu6	amd64
base-passwd	3.6.8	amd64
bash	5.3-2ubuntu1	amd64
bash-completion	1:2.16.0-8build1	amd64
bc	1.07.1-4build1	amd64
bind9-dnsutils	1:9.20.18-1ubuntu2	amd64
bind9-host	1:9.20.18-1ubuntu2	amd64
bind9-libs:amd64	1:9.20.18-1ubuntu2	amd64
binutils	2.46-3ubuntu2	amd64
binutils-common:amd64	2.46-3ubuntu2	amd64
binutils-x86-64-linux-gnu	2.46-3ubuntu2	amd64
bluez	5.85-4	amd64
bluez-cups	5.85-4	amd64
bluez-obexd	5.85-4	amd64
bolt	0.9.10-1	amd64
bpfcc-tools	0.35.0+ds-1ubuntu2	amd64
bpftool	7.7.0+7.0.0-14.14	amd64
bpftrace	0.25.0-1ubuntu1	amd64
brltty	6.7-1ubuntu6	amd64
bsdextrautils	2.41.3-3ubuntu2	amd64
bsdutils	1:2.41.3-3ubuntu2	amd64
btrfs-progs	6.17.1-1build1	amd64
bubblewrap	0.11.1-1	amd64
busybox-initramfs	1:1.37.0-7ubuntu1	amd64
busybox-static	1:1.37.0-7ubuntu1	amd64
bzip2	1.0.8-6build2	amd64
ca-certificates	20260223	amd64
casper	26.04.2	amd64
chrony	4.8-2ubuntu1	amd64
cifs-utils	2:7.4-1build1	amd64
cloud-guest-utils	0.33-1build1	amd64
cloud-init	26.1-0ubuntu2	amd64
cloud-init-base	26.1-0ubuntu2	amd64
colord	1.4.8-3	amd64
colord-data	1.4.8-3	amd64
command-not-found	23.04.0build1	amd64
console-setup	1.237ubuntu3	amd64
console-setup-linux	1.237ubuntu3	amd64
coreutils	9.5-1ubuntu2+0.0.0~ubuntu25	amd64
coreutils-from-uutils	0.0.0~ubuntu25	amd64
cpio	2.15+dfsg-2.1	amd64
cpp	4:15.2.0-5ubuntu1	amd64
cpp-15	15.2.0-16ubuntu1	amd64
cpp-15-x86-64-linux-gnu	15.2.0-16ubuntu1	amd64
cpp-x86-64-linux-gnu	4:15.2.0-5ubuntu1	amd64
cracklib-runtime	2.9.6-5.2build3	amd64
crash	9.0.1+~16.3-1ubuntu1	amd64
cron	3.0pl1-200ubuntu1	amd64
cron-daemon-common	3.0pl1-200ubuntu1	amd64
cryptsetup	2:2.8.4-1ubuntu4	amd64
cryptsetup-bin	2:2.8.4-1ubuntu4	amd64
cryptsetup-initramfs	2:2.8.4-1ubuntu4	amd64
cups	2.4.16-1ubuntu1	amd64
cups-browsed	2.1.1-0ubuntu3	amd64
cups-bsd	2.4.16-1ubuntu1	amd64
cups-client	2.4.16-1ubuntu1	amd64
cups-common	2.4.16-1ubuntu1	amd64
cups-core-drivers	2.4.16-1ubuntu1	amd64
cups-daemon	2.4.16-1ubuntu1	amd64
cups-filters	2.0.1-0ubuntu4	amd64
cups-filters-core-drivers	2.0.1-0ubuntu4	amd64
cups-ipp-utils	2.4.16-1ubuntu1	amd64
cups-pk-helper	0.2.6-2.1build1	amd64
cups-ppdc	2.4.16-1ubuntu1	amd64
cups-server-common	2.4.16-1ubuntu1	amd64
dash	0.5.12-12ubuntu3	amd64
dbus	1.16.2-2ubuntu4	amd64
dbus-bin	1.16.2-2ubuntu4	amd64
dbus-daemon	1.16.2-2ubuntu4	amd64
dbus-session-bus-common	1.16.2-2ubuntu4	amd64
dbus-system-bus-common	1.16.2-2ubuntu4	amd64
dbus-user-session	1.16.2-2ubuntu4	amd64
dc	1.07.1-4build1	amd64
dconf-cli	0.49.0-4	amd64
dconf-gsettings-backend:amd64	0.49.0-4	amd64
dconf-service	0.49.0-4	amd64
debconf	1.5.92	amd64
debconf-i18n	1.5.92	amd64
debianutils	5.23.2build1	amd64
deja-dup	50.0-3	amd64
desktop-file-utils	0.28-1build1	amd64
dhcpcd-base	1:10.3.0-7	amd64
dictionaries-common	1.31.4	amd64
diffutils	1:3.12-1	amd64
dirmngr	2.4.8-4ubuntu3	amd64
distro-info	1.15	amd64
distro-info-data	0.68build1	amd64
dmeventd	2:1.02.205-2ubuntu3	amd64
dmidecode	3.6-2build1	amd64
dmsetup	2:1.02.205-2ubuntu3	amd64
dmz-cursor-theme	0.4.5.3build1	amd64
dns-root-data	2025080400build1	amd64
dnsmasq-base	2.92-1	amd64
docbook-xml	4.5-13build1	amd64
dosfstools	4.2-1.2build1	amd64
dpkg	1.23.7ubuntu1	amd64
dracut-install	110-11	amd64
e2fsprogs	1.47.2-3ubuntu4	amd64
eatmydata	131-2build1	amd64
ed	1.22.4-1	amd64
efibootmgr	18-4ubuntu1	amd64
eject	2.41.3-3ubuntu2	amd64
emacsen-common	3.0.8build1	amd64
enchant-2	2.8.2+dfsg1-3build1	amd64
espeak-ng-data:amd64	1.52.0+dfsg-5build1	amd64
ethtool	1:6.19-1	amd64
evolution-data-server	3.56.2-8	amd64
evolution-data-server-common	3.56.2-8	amd64
exfatprogs	1.3.2-1	amd64
fdisk	2.41.3-3ubuntu2	amd64
file	1:5.46-5build2	amd64
file-roller	44.6-3	amd64
finalrd	9build2	amd64
findutils	4.10.0-3build2	amd64
firefox	1:1snap1-0ubuntu8	amd64
firmware-sof-signed	2025.12.2-1	amd64
fontconfig	2.17.1-3ubuntu1	amd64
fontconfig-config	2.17.1-3ubuntu1	amd64
fonts-arphic-ukai	0.2.20080216.2-5build1	amd64
fonts-arphic-uming	0.2.20080216.2-11build1	amd64
fonts-dejavu-core	2.37-8build1	amd64
fonts-dejavu-mono	2.37-8build1	amd64
fonts-droid-fallback	1:8.1.0r7-1~1.gbp36536bbuild1	amd64
fonts-font-awesome	5.0.10+really4.7.0~dfsg-4.1build1	amd64
fonts-lato	2.015-1build1	amd64
fonts-liberation	1:2.1.5-3build1	amd64
fonts-liberation-sans-narrow	1:1.07.6-4build1	amd64
fonts-noto-cjk	1:20240730+repack1-1build1	amd64
fonts-noto-color-emoji	2.051-1build1	amd64
fonts-noto-core	20201225-2build1	amd64
fonts-noto-mono	20201225-2build1	amd64
fonts-opensymbol	4:102.12+LibO26.2.2.2-0ubuntu1	amd64
fonts-ubuntu	0.869+git20240321-0ubuntu2	amd64
fonts-urw-base35	20200910-8build1	amd64
foomatic-db-compressed-ppds	20250819-1build1	amd64
fprintd	1.94.5-4	amd64
friendly-recovery	0.2.42build1	amd64
ftp	20260211-1	amd64
fuse3	3.18.2-1	amd64
fwupd	2.1.1-1ubuntu3	amd64
fwupd-signed	1.55+1.7-1	amd64
gamemode	1.8.2-2build1	amd64
gamemode-daemon	1.8.2-2build1	amd64
gawk	1:5.3.2-1ubuntu1	amd64
gcc-15-base:amd64	15.2.0-16ubuntu1	amd64
gcc-16-base:amd64	16-20260322-1ubuntu1	amd64
gcr	3.41.2-6	amd64
gcr4	4.4.0.1-8	amd64
gdb	17.1-2ubuntu1	amd64
gdisk	1.0.10-2build1	amd64
gdm3	50.0-0ubuntu1	amd64
geoclue-2.0	2.7.2-2ubuntu3	amd64
geocode-glib-common	3.26.4-3	amd64
gettext-base	0.23.2-1	amd64
ghostscript	10.06.0~dfsg-3ubuntu1	amd64
gir1.2-accountsservice-1.0:amd64	23.13.9-8ubuntu5	amd64
gir1.2-adw-1:amd64	1.9.0-0ubuntu1	amd64
gir1.2-atk-1.0:amd64	2.60.0-1	amd64
gir1.2-atspi-2.0:amd64	2.60.0-1	amd64
gir1.2-dbusmenu-glib-0.4:amd64	18.10.20180917~bzr492+repack1-4build1	amd64
gir1.2-dee-1.0:amd64	1.2.7+17.10.20170616-8build1	amd64
gir1.2-freedesktop:amd64	1.86.0-6build1	amd64
gir1.2-gck-2:amd64	4.4.0.1-8	amd64
gir1.2-gcr-4:amd64	4.4.0.1-8	amd64
gir1.2-gdesktopenums-3.0:amd64	50.0-1ubuntu2	amd64
gir1.2-gdkpixbuf-2.0:amd64	2.44.5+dfsg-4ubuntu1	amd64
gir1.2-gdm-1.0	50.0-0ubuntu1	amd64
gir1.2-geoclue-2.0:amd64	2.7.2-2ubuntu3	amd64
gir1.2-girepository-3.0:amd64	2.88.0-1	amd64
gir1.2-glib-2.0:amd64	2.88.0-1	amd64
gir1.2-gmenu-3.0:amd64	3.38.1-1ubuntu1	amd64
gir1.2-gnomeautoar-0.1:amd64	0.4.5-5	amd64
gir1.2-gnomebg-4.0:amd64	44.5-1ubuntu1	amd64
gir1.2-gnomebluetooth-3.0:amd64	47.1-5	amd64
gir1.2-gnomedesktop-3.0:amd64	44.5-1ubuntu1	amd64
gir1.2-gnomedesktop-4.0:amd64	44.5-1ubuntu1	amd64
gir1.2-gnomeqr-4.0:amd64	44.5-1ubuntu1	amd64
gir1.2-graphene-1.0:amd64	1.10.8-5build1	amd64
gir1.2-gst-plugins-base-1.0:amd64	1.28.2-1	amd64
gir1.2-gst-plugins-extra-1.0:amd64	1.28.2-1ubuntu1	amd64
gir1.2-gstreamer-1.0:amd64	1.28.2-1	amd64
gir1.2-gtk-3.0:amd64	3.24.52-0ubuntu1	amd64
gir1.2-gtk-4.0:amd64	4.22.2+ds-1ubuntu1	amd64
gir1.2-gudev-1.0:amd64	1:238-7build1	amd64
gir1.2-gweather-4.0:amd64	4.4.4-4	amd64
gir1.2-handy-1:amd64	1.8.3-3build1	amd64
gir1.2-harfbuzz-0.0:amd64	12.3.2-2	amd64
gir1.2-ibus-1.0:amd64	1.5.34~rc2-1	amd64
gir1.2-javascriptcoregtk-4.1:amd64	2.52.0-1	amd64
gir1.2-mutter-18:amd64	50.1-0ubuntu2	amd64
gir1.2-nm-1.0:amd64	1.54.3-2ubuntu3	amd64
gir1.2-nma4-1.0:amd64	1.10.6-7	amd64
gir1.2-notify-0.7:amd64	0.8.8-1	amd64
gir1.2-packagekitglib-1.0	1.3.4-3	amd64
gir1.2-pango-1.0:amd64	1.57.0-1	amd64
gir1.2-peas-1.0:amd64	1.38.1-4ubuntu1	amd64
gir1.2-polkit-1.0:amd64	127-2ubuntu1	amd64
gir1.2-rb-3.0:amd64	3.4.9-3ubuntu3	amd64
gir1.2-rsvg-2.0:amd64	2.61.3+dfsg-3	amd64
gir1.2-secret-1:amd64	0.21.7-2build1	amd64
gir1.2-snapd-2:amd64	1.72-0ubuntu3	amd64
gir1.2-soup-3.0:amd64	3.6.6-1	amd64
gir1.2-udisks-2.0:amd64	2.10.91-1ubuntu2	amd64
gir1.2-unity-7.0:amd64	7.1.4+19.04.20190319-6.1ubuntu1	amd64
gir1.2-upowerglib-1.0:amd64	1.91.1-1	amd64
gir1.2-vte-2.91:amd64	0.84.0-2	amd64
gir1.2-webkit2-4.1:amd64	2.52.0-1	amd64
gir1.2-wnck-3.0:amd64	43.3-1build1	amd64
gjs	1.88.0-1	amd64
glib-networking-common	2.80.1-1build2	amd64
glib-networking-services	2.80.1-1build2	amd64
glib-networking:amd64	2.80.1-1build2	amd64
glycin-loaders	2.1.1+ds-0ubuntu1	amd64
glycin-thumbnailers	2.1.1+ds-0ubuntu1	amd64
gnome-accessibility-themes	3.28-5	amd64
gnome-bluetooth-3-common	47.1-5	amd64
gnome-bluetooth-sendto	47.1-5	amd64
gnome-calculator	1:50.0-1ubuntu1	amd64
gnome-calendar	50.0-1	amd64
gnome-characters	50.0-1	amd64
gnome-clocks	50.0-1	amd64
gnome-control-center	1:50.0-0ubuntu6	amd64
gnome-control-center-data	1:50.0-0ubuntu6	amd64
gnome-control-center-faces	1:50.0-0ubuntu6	amd64
gnome-desktop3-data	44.5-1ubuntu1	amd64
gnome-disk-utility	46.1-2ubuntu2	amd64
gnome-font-viewer	49.0-1	amd64
gnome-initial-setup	50.0-0ubuntu7	amd64
gnome-keyring	50.0-1	amd64
gnome-keyring-pkcs11:amd64	50.0-1	amd64
gnome-logs	49.0-1	amd64
gnome-menus	3.38.1-1ubuntu1	amd64
gnome-online-accounts	3.58.0-1	amd64
gnome-remote-desktop	50.0-0ubuntu2	amd64
gnome-session-bin	50.0-0ubuntu3	amd64
gnome-session-canberra	0.30-18ubuntu3	amd64
gnome-session-common	50.0-0ubuntu3	amd64
gnome-settings-daemon	50.0-1ubuntu1	amd64
gnome-settings-daemon-common	50.0-1ubuntu1	amd64
gnome-shell	50.1-0ubuntu1	amd64
gnome-shell-common	50.1-0ubuntu1	amd64
gnome-shell-ubuntu-extensions	50.26.04.7ubuntu	amd64
gnome-snapshot	50.0-0ubuntu1	amd64
gnome-text-editor	50.0-1	amd64
gnome-themes-extra-data	3.28-5	amd64
gnome-themes-extra:amd64	3.28-5	amd64
gnome-user-docs	50.0-0ubuntu1	amd64
gnome-user-docs-de	50.0-0ubuntu1	amd64
gnome-user-docs-es	50.0-0ubuntu1	amd64
gnome-user-docs-fr	50.0-0ubuntu1	amd64
gnome-user-docs-it	50.0-0ubuntu1	amd64
gnome-user-docs-pt	50.0-0ubuntu1	amd64
gnome-user-docs-ru	50.0-0ubuntu1	amd64
gnome-user-docs-zh-hans	50.0-0ubuntu1	amd64
gnu-coreutils	9.7-3ubuntu2	amd64
gnupg	2.4.8-4ubuntu3	amd64
gnupg-l10n	2.4.8-4ubuntu3	amd64
gnupg-utils	2.4.8-4ubuntu3	amd64
gparted	1.8.0-1	amd64
gparted-common	1.8.0-1	amd64
gpg	2.4.8-4ubuntu3	amd64
gpg-agent	2.4.8-4ubuntu3	amd64
gpg-wks-client	2.4.8-4ubuntu3	amd64
gpgconf	2.4.8-4ubuntu3	amd64
gpgsm	2.4.8-4ubuntu3	amd64
gpgv	2.4.8-4ubuntu3	amd64
grep	3.12-1	amd64
groff-base	1.23.0-10	amd64
grub-common	2.14-2ubuntu2	amd64
grub-efi-amd64-bin	2.14-2ubuntu1	amd64
grub-efi-amd64-signed	1.215+2.14-2ubuntu1	amd64
grub-efi-amd64-unsigned	2.14-2ubuntu1	amd64
grub-gfxpayload-lists	0.7build3	amd64
grub-pc	2.14-2ubuntu2	amd64
grub-pc-bin	2.14-2ubuntu2	amd64
grub2-common	2.14-2ubuntu2	amd64
gsettings-desktop-schemas	50.0-1ubuntu2	amd64
gsettings-ubuntu-schemas	0.0.7+21.10.20210712-0ubuntu4	amd64
gst-audio-thumbnailer	1.0.0-0ubuntu1	amd64
gst-video-thumbnailer	1.0.0-0ubuntu1	amd64
gstreamer1.0-alsa:amd64	1.28.2-1	amd64
gstreamer1.0-gl:amd64	1.28.2-1	amd64
gstreamer1.0-gtk3:amd64	1.28.2-2	amd64
gstreamer1.0-gtk4:amd64	0.14.4-1ubuntu1	amd64
gstreamer1.0-libcamera:amd64	0.7.0-1ubuntu2	amd64
gstreamer1.0-packagekit	1.3.4-3	amd64
gstreamer1.0-pipewire:amd64	1.6.2-1ubuntu1	amd64
gstreamer1.0-plugins-base-apps	1.28.2-1	amd64
gstreamer1.0-plugins-base:amd64	1.28.2-1	amd64
gstreamer1.0-plugins-extra:amd64	1.28.2-1ubuntu1	amd64
gstreamer1.0-plugins-good:amd64	1.28.2-2	amd64
gstreamer1.0-tools	1.28.2-1	amd64
gstreamer1.0-x:amd64	1.28.2-1	amd64
gtk-im-libthai:amd64	0.2.2-3build1	amd64
gtk-update-icon-cache	4.22.2+ds-1ubuntu1	amd64
gtk2-engines-murrine:amd64	0.98.2-4ubuntu1	amd64
gtk2-engines-pixbuf:amd64	2.24.33-10	amd64
gvfs-backends	1.60.0-1	amd64
gvfs-common	1.60.0-1	amd64
gvfs-daemons	1.60.0-1	amd64
gvfs-fuse	1.60.0-1	amd64
gvfs-libs:amd64	1.60.0-1	amd64
gvfs:amd64	1.60.0-1	amd64
gzip	1.14-1~exp2ubuntu1	amd64
hdparm	9.65+ds-1.1build1	amd64
heif-gdk-pixbuf:amd64	1.21.2-3	amd64
heif-thumbnailer	1.21.2-3	amd64
hicolor-icon-theme	0.18-2build1	amd64
hostname	3.25build1	amd64
hplip	3.24.4+dfsg0-0ubuntu8	amd64
hplip-data	3.24.4+dfsg0-0ubuntu8	amd64
hunspell-de-at-frami	1:25.2.3-1build1	amd64
hunspell-de-ch-frami	1:25.2.3-1build1	amd64
hunspell-de-de-frami	1:25.2.3-1build1	amd64
hunspell-en-au	1:2020.12.07-4build1	amd64
hunspell-en-ca	1:2020.12.07-4build1	amd64
hunspell-en-gb	1:25.2.3-1build1	amd64
hunspell-en-us	1:2020.12.07-4build1	amd64
hunspell-en-za	1:25.2.3-1build1	amd64
hunspell-es	1:25.2.3-1build1	amd64
hunspell-fr	1:7.7-1	amd64
hunspell-fr-classical	1:7.7-1	amd64
hunspell-it	1:25.2.3-1build1	amd64
hunspell-pt-br	1:25.2.3-1build1	amd64
hunspell-pt-pt	1:25.2.3-1build1	amd64
hunspell-ru	1:25.2.3-1build1	amd64
hwctl	0.11.0-0ubuntu1	amd64
hwdata	0.394-1build1	amd64
hyphen-de	1:25.2.3-1build1	amd64
hyphen-en-ca	0.10ubuntu3	amd64
hyphen-en-gb	1:25.2.3-1build1	amd64
hyphen-en-us	2.8.8-7build4	amd64
hyphen-es	1:25.2.3-1build1	amd64
hyphen-fr	1:25.2.3-1build1	amd64
hyphen-it	1:25.2.3-1build1	amd64
hyphen-pt-br	1:25.2.3-1build1	amd64
hyphen-pt-pt	1:25.2.3-1build1	amd64
hyphen-ru	20030310-1ubuntu4	amd64
ibus	1.5.34~rc2-1	amd64
ibus-chewing	2.1.7-1	amd64
ibus-data	1.5.34~rc2-1	amd64
ibus-gtk3:amd64	1.5.34~rc2-1	amd64
ibus-gtk4:amd64	1.5.34~rc2-1	amd64
ibus-gtk:amd64	1.5.34~rc2-1	amd64
ibus-hangul	1.5.5-3	amd64
ibus-libpinyin	1.16.5-2	amd64
ibus-m17n	1.4.38-1	amd64
ibus-mozc	2.29.5160.102+dfsg-1.4ubuntu5	amd64
ibus-table	1.17.16-1build1	amd64
ibus-table-cangjie	1.8.14-1build1	amd64
ibus-table-cangjie-big	1.8.14-1build1	amd64
ibus-table-cangjie3	1.8.14-1build1	amd64
ibus-table-cangjie5	1.8.14-1build1	amd64
ibus-table-quick-classic	1.8.14-1build1	amd64
ibus-table-wubi	1.8.14-1build1	amd64
ibus-unikey	0.7.0~beta1-3	amd64
ibverbs-providers:amd64	61.0-2ubuntu3	amd64
ieee-data	20240722build1	amd64
iio-sensor-proxy	3.8-1	amd64
im-config	0.62	amd64
inetutils-telnet	2:2.7-2ubuntu1	amd64
info	7.2-5ubuntu2	amd64
init	1.69	amd64
init-system-helpers	1.69	amd64
initramfs-tools	0.151ubuntu1	amd64
initramfs-tools-bin	0.151ubuntu1	amd64
initramfs-tools-core	0.151ubuntu1	amd64
inputattach	1:1.8.1-2build2	amd64
install-info	7.2-5ubuntu2	amd64
intel-microcode	3.20260210.1ubuntu2	amd64
ipp-usb	0.9.31-1	amd64
iproute2	6.19.0-1ubuntu1	amd64
iptables	1.8.11-2ubuntu3	amd64
iputils-ping	3:20250605-1ubuntu1	amd64
iputils-tracepath	3:20250605-1ubuntu1	amd64
iso-codes	4.20.1-1	amd64
iucode-tool	2.3.1-3build2	amd64
iw	6.17-1	amd64
javascript-common	12+nmu1build1	amd64
jfsutils	1.1.15-7	amd64
jq	1.8.1-4ubuntu1	amd64
kbd	2.7.1-2ubuntu2	amd64
kdump-tools	1:1.10.7ubuntu3	amd64
kexec-tools	1:2.0.32-3ubuntu1	amd64
keyboard-configuration	1.237ubuntu3	amd64
keyutils	1.6.3-6ubuntu3	amd64
klibc-utils	2.0.14-1ubuntu2	amd64
kmod	34.2-2ubuntu2	amd64
krb5-locales	1.22.1-2ubuntu4	amd64
language-pack-de	1:26.04+20260417	amd64
language-pack-de-base	1:26.04+20260417	amd64
language-pack-en	1:26.04+20260417	amd64
language-pack-en-base	1:26.04+20260417	amd64
language-pack-es	1:26.04+20260417	amd64
language-pack-es-base	1:26.04+20260417	amd64
language-pack-fr	1:26.04+20260417	amd64
language-pack-fr-base	1:26.04+20260417	amd64
language-pack-gnome-de	1:26.04+20260417	amd64
language-pack-gnome-de-base	1:26.04+20260417	amd64
language-pack-gnome-en	1:26.04+20260417	amd64
language-pack-gnome-en-base	1:26.04+20260417	amd64
language-pack-gnome-es	1:26.04+20260417	amd64
language-pack-gnome-es-base	1:26.04+20260417	amd64
language-pack-gnome-fr	1:26.04+20260417	amd64
language-pack-gnome-fr-base	1:26.04+20260417	amd64
language-pack-gnome-it	1:26.04+20260417	amd64
language-pack-gnome-it-base	1:26.04+20260417	amd64
language-pack-gnome-pt	1:26.04+20260417	amd64
language-pack-gnome-pt-base	1:26.04+20260417	amd64
language-pack-gnome-ru	1:26.04+20260417	amd64
language-pack-gnome-ru-base	1:26.04+20260417	amd64
language-pack-gnome-zh-hans	1:26.04+20260417	amd64
language-pack-gnome-zh-hans-base	1:26.04+20260417	amd64
language-pack-it	1:26.04+20260417	amd64
language-pack-it-base	1:26.04+20260417	amd64
language-pack-pt	1:26.04+20260417	amd64
language-pack-pt-base	1:26.04+20260417	amd64
language-pack-ru	1:26.04+20260417	amd64
language-pack-ru-base	1:26.04+20260417	amd64
language-pack-zh-hans	1:26.04+20260417	amd64
language-pack-zh-hans-base	1:26.04+20260417	amd64
language-selector-common	0.228build1	amd64
language-selector-gnome	0.228build1	amd64
laptop-detect	0.16+nmu1build1	amd64
ldap-utils	2.6.10+dfsg-1ubuntu5	amd64
less	668-1build1	amd64
libaa1:amd64	1.4p5-51.1build1	amd64
libabsl20260107:amd64	20260107.0-4	amd64
libabw-0.1-1:amd64	0.1.3-1build6	amd64
libaccountsservice0:amd64	23.13.9-8ubuntu5	amd64
libacl1:amd64	2.3.2-2	amd64
libadwaita-1-0:amd64	1.9.0-0ubuntu1	amd64
libaio1t64:amd64	0.3.113-8build1	amd64
libao-common	1.2.2+20180113-1.2ubuntu2	amd64
libao4:amd64	1.2.2+20180113-1.2ubuntu2	amd64
libaom3:amd64	3.13.1-2	amd64
libapparmor1:amd64	5.0.0~beta1-0ubuntu7	amd64
libappstream5:amd64	1.1.2-1	amd64
libapt-pkg7.0:amd64	3.2.0	amd64
libarchive13t64:amd64	3.8.5-1ubuntu2	amd64
libargon2-1:amd64	0~20190702+dfsg-5	amd64
libasound2-data	1.2.15.3-1ubuntu1	amd64
libasound2t64:amd64	1.2.15.3-1ubuntu1	amd64
libaspell15:amd64	0.60.8.2-3	amd64
libassuan9:amd64	3.0.2-2build1	amd64
libasyncns0:amd64	0.8-7	amd64
libatasmart4:amd64	0.19-6	amd64
libatk-adaptor:amd64	2.60.0-1	amd64
libatk-bridge2.0-0t64:amd64	2.60.0-1	amd64
libatk1.0-0t64:amd64	2.60.0-1	amd64
libatkmm-1.6-1v5:amd64	2.28.4-2	amd64
libatomic1:amd64	16-20260322-1ubuntu1	amd64
libatopology2t64:amd64	1.2.15.3-1ubuntu1	amd64
libatspi2.0-0t64:amd64	2.60.0-1	amd64
libattr1:amd64	1:2.5.2-4	amd64
libaudit-common	1:4.1.2-1build1	amd64
libaudit1:amd64	1:4.1.2-1build1	amd64
libauthen-sasl-perl	2.2000-1	amd64
libavahi-client3:amd64	0.8-18ubuntu1	amd64
libavahi-common-data:amd64	0.8-18ubuntu1	amd64
libavahi-common3:amd64	0.8-18ubuntu1	amd64
libavahi-core7:amd64	0.8-18ubuntu1	amd64
libavahi-glib1:amd64	0.8-18ubuntu1	amd64
libavahi-ui-gtk3-0:amd64	0.8-18ubuntu1	amd64
libavc1394-0:amd64	0.5.4-5build4	amd64
libayatana-appindicator3-1	0.5.94-1build1	amd64
libayatana-ido3-0.4-0:amd64	0.10.4-1build1	amd64
libayatana-indicator3-7:amd64	0.9.4-2	amd64
libbabeltrace1:amd64	1.5.11-5build1	amd64
libbasicobjects0t64:amd64	0.6.2-3build1	amd64
libbinutils:amd64	2.46-3ubuntu2	amd64
libblkid1:amd64	2.41.3-3ubuntu2	amd64
libblockdev-crypto3:amd64	3.4.0-1	amd64
libblockdev-fs3:amd64	3.4.0-1	amd64
libblockdev-loop3:amd64	3.4.0-1	amd64
libblockdev-mdraid3:amd64	3.4.0-1	amd64
libblockdev-nvme3:amd64	3.4.0-1	amd64
libblockdev-part3:amd64	3.4.0-1	amd64
libblockdev-smart3:amd64	3.4.0-1	amd64
libblockdev-swap3:amd64	3.4.0-1	amd64
libblockdev-utils3:amd64	3.4.0-1	amd64
libblockdev3:amd64	3.4.0-1	amd64
libbluetooth3:amd64	5.85-4	amd64
libboost-iostreams1.90.0:amd64	1.90.0-6ubuntu1	amd64
libboost-locale1.90.0:amd64	1.90.0-6ubuntu1	amd64
libboost-thread1.90.0:amd64	1.90.0-6ubuntu1	amd64
libbpf1:amd64	1:1.6.3-1ubuntu1	amd64
libbpfcc:amd64	0.35.0+ds-1ubuntu2	amd64
libbrlapi0.8:amd64	6.7-1ubuntu6	amd64
libbrotli1:amd64	1.2.0-3build1	amd64
libbsd0:amd64	0.12.2-2build2	amd64
libburn4t64:amd64	1.5.6-1.2build1	amd64
libbytesize-common	2.12-1	amd64
libbytesize1:amd64	2.12-1	amd64
libbz2-1.0:amd64	1.0.8-6build2	amd64
libc-bin	2.43-2ubuntu2	amd64
libc-dev-bin	2.43-2ubuntu2	amd64
libc-gconv-modules-extra:amd64	2.43-2ubuntu2	amd64
libc6-dbg:amd64	2.43-2ubuntu2	amd64
libc6-dev:amd64	2.43-2ubuntu2	amd64
libc6:amd64	2.43-2ubuntu2	amd64
libcaca0:amd64	0.99.beta20-6ubuntu2	amd64
libcairo-gobject-perl	1.005-4build4	amd64
libcairo-gobject2:amd64	1.18.4-3	amd64
libcairo-perl	1.109-5build1	amd64
libcairo-script-interpreter2:amd64	1.18.4-3	amd64
libcairo2:amd64	1.18.4-3	amd64
libcairomm-1.0-1v5:amd64	1.14.5-3	amd64
libcairomm-1.16-1:amd64	1.18.0-3	amd64
libcamel-1.2-64t64:amd64	3.56.2-8	amd64
libcamera-ipa:amd64	0.7.0-1ubuntu2	amd64
libcamera0.7:amd64	0.7.0-1ubuntu2	amd64
libcanberra-gtk3-0:amd64	0.30-18ubuntu3	amd64
libcanberra-gtk3-module:amd64	0.30-18ubuntu3	amd64
libcanberra-pulse:amd64	0.30-18ubuntu3	amd64
libcanberra0:amd64	0.30-18ubuntu3	amd64
libcap-ng0:amd64	0.8.5-4build5	amd64
libcap2-bin	1:2.75-10ubuntu2	amd64
libcap2:amd64	1:2.75-10ubuntu2	amd64
libcares2:amd64	1.34.6-1	amd64
libcbor0.10:amd64	0.10.2-2ubuntu3	amd64
libcdio-cdda2t64:amd64	10.2+2.0.2-2	amd64
libcdio-paranoia2t64:amd64	10.2+2.0.2-2	amd64
libcdio19t64:amd64	2.2.0-4build1	amd64
libcdparanoia0:amd64	3.10.2+debian-14ubuntu2	amd64
libcdr-0.1-1:amd64	0.1.7-1build4	amd64
libchewing3-data	0.11.0-1	amd64
libchewing3:amd64	0.11.0-1	amd64
libclang-cpp21	1:21.1.8-6ubuntu1	amd64
libclang1-21	1:21.1.8-6ubuntu1	amd64
libclone-perl:amd64	0.47-1	amd64
libclucene-contribs1t64:amd64	2.3.3.4+dfsg-1.3	amd64
libclucene-core1t64:amd64	2.3.3.4+dfsg-1.3	amd64
libcolamd3:amd64	1:7.12.2+dfsg-1ubuntu1	amd64
libcollection4t64:amd64	0.6.2-3build1	amd64
libcolord-gtk4-1t64:amd64	0.3.1-2	amd64
libcolord2:amd64	1.4.8-3	amd64
libcolorhug2:amd64	1.4.8-3	amd64
libcom-err2:amd64	1.47.2-3ubuntu4	amd64
libcrack2:amd64	2.9.6-5.2build3	amd64
libcrypt-urandom-perl	0.55-1	amd64
libcrypt1:amd64	1:4.5.1-1	amd64
libcryptsetup12:amd64	2:2.8.4-1ubuntu4	amd64
libctf-nobfd0:amd64	2.46-3ubuntu2	amd64
libctf0:amd64	2.46-3ubuntu2	amd64
libcue2:amd64	2.2.1-4.2	amd64
libcups2t64:amd64	2.4.16-1ubuntu1	amd64
libcupsfilters2-common	2.1.1-0ubuntu5	amd64
libcupsfilters2t64:amd64	2.1.1-0ubuntu5	amd64
libcupsimage2t64:amd64	2.4.16-1ubuntu1	amd64
libcurl3t64-gnutls:amd64	8.18.0-1ubuntu2	amd64
libcurl4t64:amd64	8.18.0-1ubuntu2	amd64
libdaemon0:amd64	0.14-7.1ubuntu5	amd64
libdata-dump-perl	1.25-1	amd64
libdatrie1:amd64	0.2.14-1	amd64
libdb5.3t64:amd64	5.3.28+dfsg2-10ubuntu1	amd64
libdbus-1-3:amd64	1.16.2-2ubuntu4	amd64
libdbusmenu-glib4:amd64	18.10.20180917~bzr492+repack1-4build1	amd64
libdbusmenu-gtk3-4:amd64	18.10.20180917~bzr492+repack1-4build1	amd64
libdconf1:amd64	0.49.0-4	amd64
libdebconfclient0:amd64	0.280ubuntu1	amd64
libdebuginfod-common	0.194-4	amd64
libdebuginfod1t64:amd64	0.194-4	amd64
libdecor-0-0:amd64	0.2.5-1	amd64
libdecor-0-plugin-1-gtk:amd64	0.2.5-1	amd64
libdee-1.0-4:amd64	1.2.7+17.10.20170616-8build1	amd64
libdeflate0:amd64	1.23-2ubuntu1	amd64
libdevmapper-event1.02.1:amd64	2:1.02.205-2ubuntu3	amd64
libdevmapper1.02.1:amd64	2:1.02.205-2ubuntu3	amd64
libdex-1-1:amd64	1.1.0-1	amd64
libdhash1t64:amd64	0.6.2-3build1	amd64
libdisplay-info3:amd64	0.3.0-1	amd64
libdjvulibre-text	3.5.29-1	amd64
libdjvulibre21:amd64	3.5.29-1	amd64
libdmapsharing-4.0-3t64:amd64	3.9.13-5	amd64
libdotconf0:amd64	1.4.1-1build1	amd64
libdrm-amdgpu1:amd64	2.4.131-1	amd64
libdrm-common	2.4.131-1	amd64
libdrm-intel1:amd64	2.4.131-1	amd64
libdrm2:amd64	2.4.131-1	amd64
libduktape207:amd64	2.7.0+tests-0ubuntu4	amd64
libdv4t64:amd64	1.0.0-17.1build2	amd64
libdw1t64:amd64	0.194-4	amd64
libe-book-0.1-1:amd64	0.1.3-2build9	amd64
libeatmydata1:amd64	131-2build1	amd64
libebackend-1.2-11t64:amd64	3.56.2-8	amd64
libebook-1.2-21t64:amd64	3.56.2-8	amd64
libebook-contacts-1.2-4t64:amd64	3.56.2-8	amd64
libecal-2.0-3:amd64	3.56.2-8	amd64
libedata-book-1.2-27t64:amd64	3.56.2-8	amd64
libedata-cal-2.0-2t64:amd64	3.56.2-8	amd64
libedataserver-1.2-27t64:amd64	3.56.2-8	amd64
libedataserverui-1.2-4t64:amd64	3.56.2-8	amd64
libedataserverui4-1.0-0t64:amd64	3.56.2-8	amd64
libedit2:amd64	3.1-20251016-1	amd64
libeditorconfig0:amd64	0.12.10+~0.17.1-3	amd64
libefiboot1t64:amd64	39-2	amd64
libefivar1t64:amd64	39-2	amd64
libegl-mesa0:amd64	26.0.3-1ubuntu1	amd64
libegl1:amd64	1.7.0-3	amd64
libei1:amd64	1.5.0-3	amd64
libeis1:amd64	1.5.0-3	amd64
libelf1t64:amd64	0.194-4	amd64
libenchant-2-2:amd64	2.8.2+dfsg1-3build1	amd64
libencode-locale-perl	1.05-3	amd64
libeot0:amd64	0.01-5build4	amd64
libepoxy0:amd64	1.5.10-2build1	amd64
libepubgen-0.1-1:amd64	0.1.1-1ubuntu8	amd64
libespeak-ng1:amd64	1.52.0+dfsg-5build1	amd64
libestr0:amd64	0.1.11-2build1	amd64
libetonyek-0.1-1:amd64	0.1.13-2	amd64
libevdev2:amd64	1.13.6+dfsg-1	amd64
libevent-core-2.1-7t64:amd64	2.1.12-stable-10build2	amd64
libevent-extra-2.1-7t64:amd64	2.1.12-stable-10build2	amd64
libexempi8:amd64	2.6.6-2build1	amd64
libexif12:amd64	0.6.25-2	amd64
libexiv2-28:amd64	0.28.8+dfsg-1	amd64
libexiv2-data	0.28.8+dfsg-1	amd64
libexpat1:amd64	2.7.4-1	amd64
libext2fs2t64:amd64	1.47.2-3ubuntu4	amd64
libexttextcat-2.0-0:amd64	3.4.7-2	amd64
libexttextcat-data	3.4.7-2	amd64
libextutils-depends-perl	0.8002-1	amd64
libfastjson4:amd64	1.2304.0-2build1	amd64
libfdisk1:amd64	2.41.3-3ubuntu2	amd64
libffi8:amd64	3.5.2-4	amd64
libfftw3-single3:amd64	3.3.10-2fakesync1build3	amd64
libfido2-1:amd64	1.16.0-2build1	amd64
libfile-basedir-perl	0.09-2	amd64
libfile-desktopentry-perl	0.23-1	amd64
libfile-listing-perl	6.16-1	amd64
libfile-mimeinfo-perl	0.36-2	amd64
libflac14:amd64	1.5.0+ds-5	amd64
libflashrom1:amd64	1.6.0-2ubuntu1	amd64
libfont-afm-perl	1.20-4	amd64
libfontconfig1:amd64	2.17.1-3ubuntu1	amd64
libfontenc1:amd64	1:1.1.8-1build2	amd64
libfprint-2-2	1:1.95.1+tod1-0ubuntu1	amd64
libfprint-2-tod1:amd64	1:1.95.1+tod1-0ubuntu1	amd64
libfreeaptx0:amd64	0.2.2-1build1	amd64
libfreehand-0.1-1	0.1.2-3build4	amd64
libfreerdp-client3-3:amd64	3.24.2+dfsg-1ubuntu1	amd64
libfreerdp-server3-3:amd64	3.24.2+dfsg-1ubuntu1	amd64
libfreerdp3-3:amd64	3.24.2+dfsg-1ubuntu1	amd64
libfreetype6:amd64	2.14.2+dfsg-1	amd64
libfribidi0:amd64	1.0.16-5	amd64
libftdi1-2:amd64	1.6~rc1-1build1	amd64
libfuse3-4:amd64	3.18.2-1	amd64
libfwupd3:amd64	2.1.1-1ubuntu3	amd64
libfyaml0:amd64	0.9.4-1	amd64
libgamemode0:amd64	1.8.2-2build1	amd64
libgamemodeauto0:amd64	1.8.2-2build1	amd64
libgbm1:amd64	26.0.3-1ubuntu1	amd64
libgcc-s1:amd64	16-20260322-1ubuntu1	amd64
libgck-1-0:amd64	3.41.2-6	amd64
libgck-2-2:amd64	4.4.0.1-8	amd64
libgcr-4-4:amd64	4.4.0.1-8	amd64
libgcr-base-3-1:amd64	3.41.2-6	amd64
libgcr-ui-3-1:amd64	3.41.2-6	amd64
libgcrypt20:amd64	1.12.0-2	amd64
libgd3:amd64	2.3.3-13ubuntu2	amd64
libgdbm-compat4t64:amd64	1.26-1build1	amd64
libgdbm6t64:amd64	1.26-1build1	amd64
libgdk-pixbuf-2.0-0:amd64	2.44.5+dfsg-4ubuntu1	amd64
libgdk-pixbuf2.0-bin	2.44.5+dfsg-4ubuntu1	amd64
libgdk-pixbuf2.0-common	2.44.5+dfsg-4ubuntu1	amd64
libgdm1	50.0-0ubuntu1	amd64
libgee-0.8-2:amd64	0.20.8-2	amd64
libgeoclue-2-0:amd64	2.7.2-2ubuntu3	amd64
libgeocode-glib-2-0:amd64	3.26.4-3	amd64
libgexiv2-2:amd64	0.14.6-2	amd64
libgif7:amd64	5.2.2-1ubuntu3	amd64
libgirepository-1.0-1:amd64	1.86.0-6build1	amd64
libgirepository-2.0-0:amd64	2.88.0-1	amd64
libgjs0:amd64	1.88.0-1	amd64
libgl1-mesa-dri:amd64	26.0.3-1ubuntu1	amd64
libgl1:amd64	1.7.0-3	amd64
libgles2:amd64	1.7.0-3	amd64
libglib-object-introspection-perl	0.052-1	amd64
libglib-perl:amd64	3:1.329.4-1	amd64
libglib2.0-0t64:amd64	2.88.0-1	amd64
libglib2.0-bin	2.88.0-1	amd64
libglib2.0-data	2.88.0-1	amd64
libglibmm-2.4-1t64:amd64	2.66.8-3	amd64
libglibmm-2.68-1t64:amd64	2.86.0-7	amd64
libglvnd0:amd64	1.7.0-3	amd64
libglx-mesa0:amd64	26.0.3-1ubuntu1	amd64
libglx0:amd64	1.7.0-3	amd64
libglycin-2-0:amd64	2.1.1+ds-0ubuntu1	amd64
libglycin-gtk4-2-0:amd64	2.1.1+ds-0ubuntu1	amd64
libgmp10:amd64	2:6.3.0+dfsg-5ubuntu2	amd64
libgnome-autoar-0-0:amd64	0.4.5-5	amd64
libgnome-bg-4-2t64:amd64	44.5-1ubuntu1	amd64
libgnome-bluetooth-3.0-13:amd64	47.1-5	amd64
libgnome-bluetooth-ui-3.0-13:amd64	47.1-5	amd64
libgnome-desktop-3-20t64:amd64	44.5-1ubuntu1	amd64
libgnome-desktop-4-2t64:amd64	44.5-1ubuntu1	amd64
libgnome-menu-3-0:amd64	3.38.1-1ubuntu1	amd64
libgnome-qr-4-0:amd64	44.5-1ubuntu1	amd64
libgnome-qr-gtk-4-0:amd64	44.5-1ubuntu1	amd64
libgnutls30t64:amd64	3.8.12-2ubuntu1	amd64
libgoa-1.0-0b:amd64	3.58.0-1	amd64
libgoa-1.0-common	3.58.0-1	amd64
libgoa-backend-1.0-2:amd64	3.58.0-1	amd64
libgomp1:amd64	16-20260322-1ubuntu1	amd64
libgpg-error-l10n	1.58-2	amd64
libgpg-error0:amd64	1.58-2	amd64
libgpgme45:amd64	2.0.1-2build1	amd64
libgpgmepp7:amd64	2.0.0-2	amd64
libgphoto2-6t64:amd64	2.5.33-1ubuntu1	amd64
libgphoto2-l10n	2.5.33-1ubuntu1	amd64
libgphoto2-port12t64:amd64	2.5.33-1ubuntu1	amd64
libgpm2:amd64	1.20.7-12build1	amd64
libgpod-common	0.8.3-23	amd64
libgpod4t64:amd64	0.8.3-23	amd64
libgprofng0:amd64	2.46-3ubuntu2	amd64
libgraphene-1.0-0:amd64	1.10.8-5build1	amd64
libgraphite2-3:amd64	1.3.14-11ubuntu1	amd64
libgrilo-0.3-0:amd64	0.3.19-2	amd64
libgs-common	10.06.0~dfsg-3ubuntu1	amd64
libgs10-common	10.06.0~dfsg-3ubuntu1	amd64
libgs10:amd64	10.06.0~dfsg-3ubuntu1	amd64
libgsf-1-114:amd64	1.14.53-1.1	amd64
libgsf-1-common	1.14.53-1.1	amd64
libgsound0t64:amd64	1.0.3-4	amd64
libgssapi-krb5-2:amd64	1.22.1-2ubuntu4	amd64
libgssdp-1.6-0:amd64	1.6.4-5	amd64
libgstreamer-gl1.0-0:amd64	1.28.2-1	amd64
libgstreamer-plugins-base1.0-0:amd64	1.28.2-1	amd64
libgstreamer-plugins-extra1.0-0:amd64	1.28.2-1ubuntu1	amd64
libgstreamer1.0-0:amd64	1.28.2-1	amd64
libgtk-3-0t64:amd64	3.24.52-0ubuntu1	amd64
libgtk-3-bin	3.24.52-0ubuntu1	amd64
libgtk-3-common	3.24.52-0ubuntu1	amd64
libgtk-4-1:amd64	4.22.2+ds-1ubuntu1	amd64
libgtk-4-bin	4.22.2+ds-1ubuntu1	amd64
libgtk-4-common	4.22.2+ds-1ubuntu1	amd64
libgtk3-perl	0.038-3	amd64
libgtkmm-3.0-1t64:amd64	3.24.10-2	amd64
libgtkmm-4.0-0:amd64	4.20.0-1build1	amd64
libgtksourceview-5-0:amd64	5.18.0-3	amd64
libgtksourceview-5-common	5.18.0-3	amd64
libgtop-2.0-11:amd64	2.41.3-2ubuntu1	amd64
libgtop2-common	2.41.3-2ubuntu1	amd64
libgudev-1.0-0:amd64	1:238-7build1	amd64
libgupnp-1.6-0:amd64	1.6.9-4	amd64
libgupnp-av-1.0-3:amd64	0.14.4-3	amd64
libgupnp-dlna-2.0-4:amd64	0.12.0-8	amd64
libgusb2a:amd64	0.4.9-7	amd64
libgweather-4-0t64:amd64	4.4.4-4	amd64
libgweather-4-common	4.4.4-4	amd64
libgxps2t64:amd64	0.3.2-6	amd64
libhandy-1-0:amd64	1.8.3-3build1	amd64
libhangul-data	0.2.0-1build1	amd64
libhangul1:amd64	0.2.0-1build1	amd64
libharfbuzz-gobject0:amd64	12.3.2-2	amd64
libharfbuzz-icu0:amd64	12.3.2-2	amd64
libharfbuzz-subset0:amd64	12.3.2-2	amd64
libharfbuzz0b:amd64	12.3.2-2	amd64
libheif-plugin-aomdec:amd64	1.21.2-3	amd64
libheif-plugin-aomenc:amd64	1.21.2-3	amd64
libheif1:amd64	1.21.2-3	amd64
libhogweed6t64:amd64	3.10.2-1	amd64
libhpmud0:amd64	3.24.4+dfsg0-0ubuntu8	amd64
libhtml-form-perl	6.13-1build1	amd64
libhtml-format-perl	2.16-2	amd64
libhtml-parser-perl:amd64	3.83-1build1	amd64
libhtml-tagset-perl	3.24-1	amd64
libhtml-tree-perl	5.07-3	amd64
libhttp-cookies-perl	6.11-1	amd64
libhttp-daemon-perl	6.16-1	amd64
libhttp-date-perl	6.06-1	amd64
libhttp-message-perl	7.01-1ubuntu1	amd64
libhttp-negotiate-perl	6.01-2	amd64
libhunspell-1.7-0:amd64	1.7.2+really1.7.2-11	amd64
libhwy1t64:amd64	1.3.0-2	amd64
libhyphen0:amd64	2.8.8-7build4	amd64
libibus-1.0-5:amd64	1.5.34~rc2-1	amd64
libibverbs1:amd64	61.0-2ubuntu3	amd64
libical3t64:amd64	3.0.20-2build1	amd64
libice6:amd64	2:1.1.1-1build1	amd64
libicu78:amd64	78.2-2ubuntu1	amd64
libidn12:amd64	1.43-2build1	amd64
libidn2-0:amd64	2.3.8-4build1	amd64
libiec61883-0:amd64	1.2.0-8	amd64
libieee1284-3t64:amd64	0.2.11-14.1build2	amd64
libijs-0.35:amd64	0.35-16	amd64
libimagequant0:amd64	4.4.1-1	amd64
libimobiledevice-1.0-6:amd64	1.4.0-1build1	amd64
libimobiledevice-glue-1.0-0	1.3.2-2build1	amd64
libini-config5t64:amd64	0.6.2-3build1	amd64
libinih1:amd64	61-1ubuntu1	amd64
libinireader0:amd64	61-1ubuntu1	amd64
libinput-bin	1.31.1-1	amd64
libinput10:amd64	1.31.1-1	amd64
libinsights0:amd64	0.9.3ubuntu	amd64
libio-html-perl	1.004-3	amd64
libio-socket-ssl-perl	2.098-1	amd64
libio-stringy-perl	2.113-2	amd64
libip4tc2:amd64	1.8.11-2ubuntu3	amd64
libip6tc2:amd64	1.8.11-2ubuntu3	amd64
libipa-hbac0t64	2.12.0-1ubuntu5	amd64
libipc-system-simple-perl	1.30-2	amd64
libipt2	2.1.2-3	amd64
libisl23:amd64	0.27-1build1	amd64
libisoburn1t64:amd64	1:1.5.6-1.1ubuntu4	amd64
libisofs6t64:amd64	1.5.6.pl01-1.1ubuntu3	amd64
libjansson4:amd64	2.14-2build4	amd64
libjavascriptcoregtk-4.1-0:amd64	2.52.0-1	amd64
libjavascriptcoregtk-6.0-1:amd64	2.52.0-1	amd64
libjbig0:amd64	2.1-6.1ubuntu3	amd64
libjbig2dec0:amd64	0.20-1build4	amd64
libjcat1:amd64	0.2.5-1build1	amd64
libjemalloc2:amd64	5.3.0-4	amd64
libjpeg-turbo8:amd64	2.1.5-4ubuntu4	amd64
libjpeg8:amd64	8c-2ubuntu12	amd64
libjq1:amd64	1.8.1-4ubuntu1	amd64
libjs-jquery	3.7.1+dfsg+~3.5.33-1build1	amd64
libjs-sphinxdoc	8.2.3-12	amd64
libjson-c5:amd64	0.18+ds-3	amd64
libjson-glib-1.0-0:amd64	1.10.8+ds-2	amd64
libjson-glib-1.0-common	1.10.8+ds-2	amd64
libjxl-gdk-pixbuf:amd64	0.11.1-6ubuntu4	amd64
libjxl0.11:amd64	0.11.1-6ubuntu4	amd64
libk5crypto3:amd64	1.22.1-2ubuntu4	amd64
libkeyutils1:amd64	1.6.3-6ubuntu3	amd64
libklibc:amd64	2.0.14-1ubuntu2	amd64
libkmod2:amd64	34.2-2ubuntu2	amd64
libkrb5-3:amd64	1.22.1-2ubuntu4	amd64
libkrb5support0:amd64	1.22.1-2ubuntu4	amd64
libksba8:amd64	1.6.7-2build1	amd64
liblangtag-common	0.6.8-2	amd64
liblangtag1:amd64	0.6.8-2	amd64
liblc3-1:amd64	1.1.3+dfsg-1build1	amd64
liblcms2-2:amd64	2.17-1	amd64
liblcms2-utils	2.17-1	amd64
libldacbt-abr2:amd64	2.0.2.3+git20200429+ed310a0-5build1	amd64
libldacbt-enc2:amd64	2.0.2.3+git20200429+ed310a0-5build1	amd64
libldap-common	2.6.10+dfsg-1ubuntu5	amd64
libldap2:amd64	2.6.10+dfsg-1ubuntu5	amd64
libldb2:amd64	2:2.11.0+samba4.23.6+dfsg-1ubuntu2	amd64
liblerc4:amd64	4.0.0+ds-5ubuntu2	amd64
liblirc-client0t64:amd64	0.10.2-0.10ubuntu1	amd64
libllvm21:amd64	1:21.1.8-6ubuntu1	amd64
liblmdb0:amd64	0.9.31-1build2	amd64
liblocale-gettext-perl	1.07-8	amd64
liblouis-data	3.36.0-1	amd64
liblouis20:amd64	3.36.0-1	amd64
liblouisutdml-bin	2.12.0-8build1	amd64
liblouisutdml-data	2.12.0-8build1	amd64
liblouisutdml9t64:amd64	2.12.0-8build1	amd64
liblsof0	4.99.4+dfsg-2build2	amd64
libltdl7:amd64	2.5.4-9	amd64
liblttng-ust-common1t64:amd64	2.14.0-1.1	amd64
liblttng-ust-ctl6:amd64	2.14.0-1.1	amd64
liblttng-ust1t64:amd64	2.14.0-1.1	amd64
liblua5.4-0:amd64	5.4.8-1build1	amd64
liblvm2cmd2.03:amd64	2.03.31-2ubuntu3	amd64
liblwp-mediatypes-perl	6.04-2	amd64
liblwp-protocol-https-perl	6.14-1	amd64
liblz4-1:amd64	1.10.0-8	amd64
liblzma5:amd64	5.8.3-1	amd64
liblzo2-2:amd64	2.10-3build2	amd64
libm17n-0:amd64	1.8.6-1	amd64
libmagic-mgc	1:5.46-5build2	amd64
libmagic1t64:amd64	1:5.46-5build2	amd64
libmailtools-perl	2.22-1	amd64
libmalcontent-0-0:amd64	0.14.0-0ubuntu1	amd64
libmalcontent-common	0.14.0-0ubuntu1	amd64
libmarisa1:amd64	0.3.1+git20250817-1build1	amd64
libmaxminddb0:amd64	1.12.2-1build2	amd64
libmbim-glib4:amd64	1.32.0-2ubuntu1	amd64
libmbim-proxy	1.32.0-2ubuntu1	amd64
libmbim-utils	1.32.0-2ubuntu1	amd64
libmd0:amd64	1.1.0-2build4	amd64
libmediaart-2.0-0:amd64	1.9.7-3	amd64
libmhash2:amd64	0.9.9.9-11	amd64
libminiupnpc21:amd64	2.3.3-2build1	amd64
libmm-glib0:amd64	1.25.95-1ubuntu1	amd64
libmnl0:amd64	1.0.5-3build1	amd64
libmount1:amd64	2.41.3-3ubuntu2	amd64
libmozjs-140-0:amd64	140.8.0-4	amd64
libmp3lame0:amd64	3.101~svn6525+dfsg-2	amd64
libmpc3:amd64	1.3.1-3	amd64
libmpfr6:amd64	4.2.2-3	amd64
libmpg123-0t64:amd64	1.33.3-2	amd64
libmsgraph-1-1:amd64	0.3.3-3build1	amd64
libmspub-0.1-1:amd64	0.1.4-4build1	amd64
libmtdev1t64:amd64	1.1.7-1build1	amd64
libmtp-common	1.1.22-1ubuntu1	amd64
libmtp-runtime	1.1.22-1ubuntu1	amd64
libmtp9t64:amd64	1.1.22-1ubuntu1	amd64
libmutter-18-0:amd64	50.1-0ubuntu2	amd64
libmwaw-0.3-3:amd64	0.3.22-2	amd64
libmythes-1.2-0:amd64	2:1.2.5-2build1	amd64
libnatpmp1t64:amd64	20230423-1.2build4	amd64
libnautilus-extension4:amd64	1:50.0-0ubuntu2	amd64
libncurses6:amd64	6.6+20251231-1	amd64
libncursesw6:amd64	6.6+20251231-1	amd64
libndp0:amd64	1.9-1build1	amd64
libnet-dbus-perl	1.2.0-2build4	amd64
libnet-http-perl	6.24-1build1	amd64
libnet-smtp-ssl-perl	1.04-2	amd64
libnet-ssleay-perl:amd64	1.94-3	amd64
libnetfilter-conntrack3:amd64	1.1.1-1	amd64
libnetplan1:amd64	1.2-1ubuntu5	amd64
libnettle8t64:amd64	3.10.2-1	amd64
libnewt0.52:amd64	0.52.25-1ubuntu3	amd64
libnfnetlink0:amd64	1.0.2-3build1	amd64
libnfs14:amd64	5.0.2-1ubuntu1	amd64
libnfsidmap1:amd64	1:2.8.5-1ubuntu1	amd64
libnftables1:amd64	1.1.6-1	amd64
libnftnl11:amd64	1.3.1-1	amd64
libnghttp2-14:amd64	1.68.0-2	amd64
libnl-3-200:amd64	3.12.0-2	amd64
libnl-genl-3-200:amd64	3.12.0-2	amd64
libnl-route-3-200:amd64	3.12.0-2	amd64
libnm0:amd64	1.54.3-2ubuntu3	amd64
libnma-common	1.10.6-7	amd64
libnma-gtk4-0:amd64	1.10.6-7	amd64
libnma0:amd64	1.10.6-7	amd64
libnotify-bin	0.8.8-1	amd64
libnotify4:amd64	0.8.8-1	amd64
libnpth0t64:amd64	1.8-3build1	amd64
libnspr4:amd64	2:4.38.2-1ubuntu1	amd64
libnss-mdns:amd64	0.15.1-5	amd64
libnss-sss:amd64	2.12.0-1ubuntu5	amd64
libnss-systemd:amd64	259.5-0ubuntu3	amd64
libnss3:amd64	2:3.120-1ubuntu2	amd64
libntfs-3g89t64:amd64	1:2022.10.3-5build1	amd64
libnuma1:amd64	2.0.19-1build1	amd64
libnvme1t64:amd64	1.16.1-4	amd64
libnvpair3linux:amd64	2.4.1-1ubuntu5	amd64
libodfgen-0.1-1:amd64	0.1.8-3build1	amd64
liboeffis1:amd64	1.5.0-3	amd64
libogg0:amd64	1.3.6-2	amd64
libonig5:amd64	6.9.10-1build1	amd64
libopencc-data	1.1.9+ds1-4build1	amd64
libopencc1.1	1.1.9+ds1-4build1	amd64
libopenjp2-7:amd64	2.5.4-1	amd64
libopus0:amd64	1.6.1-1	amd64
liborc-0.4-0t64:amd64	1:0.4.42-2	amd64
liborcus-0.21-0:amd64	0.21.0-4	amd64
liborcus-parser-0.21-0:amd64	0.21.0-4	amd64
libotf1:amd64	0.9.16-4build3	amd64
libp11-kit0:amd64	0.26.2-2	amd64
libpackagekit-glib2-18:amd64	1.3.4-3	amd64
libpagemaker-0.0-0:amd64	0.0.4-1build5	amd64
libpam-cap:amd64	1:2.75-10ubuntu2	amd64
libpam-fprintd:amd64	1.94.5-4	amd64
libpam-gnome-keyring:amd64	50.0-1	amd64
libpam-modules-bin	1.7.0-5ubuntu3	amd64
libpam-modules:amd64	1.7.0-5ubuntu3	amd64
libpam-pwquality:amd64	1.4.5-5build1	amd64
libpam-runtime	1.7.0-5ubuntu3	amd64
libpam-sss:amd64	2.12.0-1ubuntu5	amd64
libpam-systemd:amd64	259.5-0ubuntu3	amd64
libpam0g:amd64	1.7.0-5ubuntu3	amd64
libpanel-1-1:amd64	1.10.3-1	amd64
libpanel-common	1.10.3-1	amd64
libpango-1.0-0:amd64	1.57.0-1	amd64
libpangocairo-1.0-0:amd64	1.57.0-1	amd64
libpangoft2-1.0-0:amd64	1.57.0-1	amd64
libpangomm-1.4-1v5:amd64	2.46.4-2	amd64
libpangomm-2.48-1t64:amd64	2.56.1-2	amd64
libpangoxft-1.0-0:amd64	1.57.0-1	amd64
libpaper-utils	2.2.5-0.3maysync1	amd64
libpaper2:amd64	2.2.5-0.3maysync1	amd64
libparted-fs-resize0t64:amd64	3.6-6	amd64
libparted2t64:amd64	3.6-6	amd64
libpath-utils1t64:amd64	0.6.2-3build1	amd64
libpcap0.8t64:amd64	1.10.6-1ubuntu1	amd64
libpcaudio0:amd64	1.3-1build1	amd64
libpci3:amd64	1:3.14.0-1build2	amd64
libpciaccess0:amd64	0.18.1-1ubuntu4	amd64
libpcre2-32-0:amd64	10.46-1build1	amd64
libpcre2-8-0:amd64	10.46-1build1	amd64
libpcsclite1:amd64	2.4.1-1	amd64
libpeas-1.0-1:amd64	1.38.1-4ubuntu1	amd64
libpeas-common	1.38.1-4ubuntu1	amd64
libperl5.40:amd64	5.40.1-7build1	amd64
libphonenumber8:amd64	8.13.51+ds-5	amd64
libpinyin-data:amd64	2.10.3-1	amd64
libpinyin15:amd64	2.10.3-1	amd64
libpipeline1:amd64	1.5.8-2	amd64
libpipewire-0.3-0t64:amd64	1.6.2-1ubuntu1	amd64
libpipewire-0.3-common	1.6.2-1ubuntu1	amd64
libpipewire-0.3-modules:amd64	1.6.2-1ubuntu1	amd64
libpixman-1-0:amd64	0.46.4-1	amd64
libpkcs11-helper1t64:amd64	1.31.0-1	amd64
libplist-2.0-4:amd64	2.7.0+git20250820-1build1	amd64
libplymouth5:amd64	24.004.60+git20250831.4a3c171d-0ubuntu8	amd64
libpng16-16t64:amd64	1.6.57-1	amd64
libpolkit-agent-1-0:amd64	127-2ubuntu1	amd64
libpolkit-gobject-1-0:amd64	127-2ubuntu1	amd64
libpoppler-cpp3:amd64	26.01.0-2build2	amd64
libpoppler-glib8t64:amd64	26.01.0-2build2	amd64
libpoppler156:amd64	26.01.0-2build2	amd64
libpopt0:amd64	1.19+dfsg-2build1	amd64
libportal-gtk3-1:amd64	0.9.1-2build1	amd64
libportal-gtk4-1:amd64	0.9.1-2build1	amd64
libportal1:amd64	0.9.1-2build1	amd64
libppd2-common	2:2.1.1-0ubuntu2	amd64
libppd2:amd64	2:2.1.1-0ubuntu2	amd64
libppsdocument-4.0-6:amd64	50.1-0ubuntu1	amd64
libppsview-4.0-5:amd64	50.1-0ubuntu1	amd64
libproc2-0:amd64	2:4.0.4-9ubuntu1	amd64
libprotobuf32t64:amd64	3.21.12-15ubuntu1	amd64
libproxy1v5:amd64	0.5.12-1	amd64
libpsl5t64:amd64	0.21.2-1.1build2	amd64
libpulse-mainloop-glib0:amd64	1:17.0+dfsg1-2ubuntu4	amd64
libpulse0:amd64	1:17.0+dfsg1-2ubuntu4	amd64
libpwquality-common	1.4.5-5build1	amd64
libpwquality1:amd64	1.4.5-5build1	amd64
libpython3-stdlib:amd64	3.14.3-0ubuntu2	amd64
libpython3.14-minimal:amd64	3.14.4-1	amd64
libpython3.14-stdlib:amd64	3.14.4-1	amd64
libpython3.14:amd64	3.14.4-1	amd64
libqmi-glib5:amd64	1.38.0-1	amd64
libqmi-proxy	1.38.0-1	amd64
libqmi-utils	1.38.0-1	amd64
libqpdf30:amd64	12.3.2-1	amd64
libqrtr-glib0:amd64	1.2.2-2ubuntu1	amd64
libraptor2-0:amd64	2.0.16-6build1	amd64
libraqm0:amd64	0.10.4-1	amd64
librasqal3t64:amd64	0.9.33-3	amd64
libraw1394-11:amd64	2.1.2-2build4	amd64
libraw23t64:amd64	0.21.5b-1ubuntu1	amd64
librdf0t64:amd64	1.0.17-8	amd64
libreadline8t64:amd64	8.3-4	amd64
libref-array1t64:amd64	0.6.2-3build1	amd64
libreoffice-base-core	4:26.2.2.2-0ubuntu1	amd64
libreoffice-calc	4:26.2.2.2-0ubuntu1	amd64
libreoffice-common	4:26.2.2.2-0ubuntu1	amd64
libreoffice-core	4:26.2.2.2-0ubuntu1	amd64
libreoffice-draw	4:26.2.2.2-0ubuntu1	amd64
libreoffice-gnome	4:26.2.2.2-0ubuntu1	amd64
libreoffice-gtk3	4:26.2.2.2-0ubuntu1	amd64
libreoffice-help-common	4:26.2.2.2-0ubuntu1	amd64
libreoffice-help-de	4:26.2.2.2-0ubuntu1	amd64
libreoffice-help-en-gb	4:26.2.2.2-0ubuntu1	amd64
libreoffice-help-en-us	4:26.2.2.2-0ubuntu1	amd64
libreoffice-help-es	4:26.2.2.2-0ubuntu1	amd64
libreoffice-help-fr	4:26.2.2.2-0ubuntu1	amd64
libreoffice-help-it	4:26.2.2.2-0ubuntu1	amd64
libreoffice-help-pt	4:26.2.2.2-0ubuntu1	amd64
libreoffice-help-pt-br	4:26.2.2.2-0ubuntu1	amd64
libreoffice-help-ru	4:26.2.2.2-0ubuntu1	amd64
libreoffice-help-zh-cn	4:26.2.2.2-0ubuntu1	amd64
libreoffice-help-zh-tw	4:26.2.2.2-0ubuntu1	amd64
libreoffice-impress	4:26.2.2.2-0ubuntu1	amd64
libreoffice-l10n-de	4:26.2.2.2-0ubuntu1	amd64
libreoffice-l10n-en-gb	4:26.2.2.2-0ubuntu1	amd64
libreoffice-l10n-en-za	4:26.2.2.2-0ubuntu1	amd64
libreoffice-l10n-es	4:26.2.2.2-0ubuntu1	amd64
libreoffice-l10n-fr	4:26.2.2.2-0ubuntu1	amd64
libreoffice-l10n-it	4:26.2.2.2-0ubuntu1	amd64
libreoffice-l10n-pt	4:26.2.2.2-0ubuntu1	amd64
libreoffice-l10n-pt-br	4:26.2.2.2-0ubuntu1	amd64
libreoffice-l10n-ru	4:26.2.2.2-0ubuntu1	amd64
libreoffice-l10n-zh-cn	4:26.2.2.2-0ubuntu1	amd64
libreoffice-l10n-zh-tw	4:26.2.2.2-0ubuntu1	amd64
libreoffice-math	4:26.2.2.2-0ubuntu1	amd64
libreoffice-style-colibre	4:26.2.2.2-0ubuntu1	amd64
libreoffice-style-elementary	4:26.2.2.2-0ubuntu1	amd64
libreoffice-style-yaru	4:26.2.2.2-0ubuntu1	amd64
libreoffice-uiconfig-calc	4:26.2.2.2-0ubuntu1	amd64
libreoffice-uiconfig-common	4:26.2.2.2-0ubuntu1	amd64
libreoffice-uiconfig-draw	4:26.2.2.2-0ubuntu1	amd64
libreoffice-uiconfig-impress	4:26.2.2.2-0ubuntu1	amd64
libreoffice-uiconfig-math	4:26.2.2.2-0ubuntu1	amd64
libreoffice-uiconfig-writer	4:26.2.2.2-0ubuntu1	amd64
libreoffice-writer	4:26.2.2.2-0ubuntu1	amd64
librest-1.0-0:amd64	0.10.2-1	amd64
librevenge-0.0-0:amd64	0.0.5-3build2	amd64
librhythmbox-core10:amd64	3.4.9-3ubuntu3	amd64
libroc0.4:amd64	0.4.0+dfsg-5ubuntu3	amd64
librsvg2-2:amd64	2.61.3+dfsg-3	amd64
librsvg2-common:amd64	2.61.3+dfsg-3	amd64
librtmp1:amd64	2.4+20151223.gitfa8646d.1-3	amd64
librygel-core-2.8-0:amd64	45.0-1ubuntu1	amd64
librygel-db-2.8-0:amd64	45.0-1ubuntu1	amd64
librygel-renderer-2.8-0:amd64	45.0-1ubuntu1	amd64
librygel-server-2.8-0:amd64	45.0-1ubuntu1	amd64
libsamplerate0:amd64	0.2.2-4build2	amd64
libsane-common	1.4.0-1ubuntu1	amd64
libsane-hpaio:amd64	3.24.4+dfsg0-0ubuntu8	amd64
libsane1:amd64	1.4.0-1ubuntu1	amd64
libsasl2-2:amd64	2.1.28+dfsg1-9ubuntu3	amd64
libsasl2-modules-db:amd64	2.1.28+dfsg1-9ubuntu3	amd64
libsasl2-modules-gssapi-mit:amd64	2.1.28+dfsg1-9ubuntu3	amd64
libsasl2-modules:amd64	2.1.28+dfsg1-9ubuntu3	amd64
libsbc1:amd64	2.1-1build1	amd64
libseccomp2:amd64	2.6.0-2ubuntu5	amd64
libsecret-1-0:amd64	0.21.7-2build1	amd64
libsecret-common	0.21.7-2build1	amd64
libselinux1:amd64	3.9-4build1	amd64
libsemanage-common	3.9-1build1	amd64
libsemanage2:amd64	3.9-1build1	amd64
libsensors-config	1:3.6.2-2build1	amd64
libsensors5:amd64	1:3.6.2-2build1	amd64
libsepol2:amd64	3.9-2	amd64
libsframe3:amd64	2.46-3ubuntu2	amd64
libsgutils2-1.48:amd64	1.48-3ubuntu3	amd64
libsharpyuv0:amd64	1.5.0-0.1build1	amd64
libshout3:amd64	2.4.6-1build3	amd64
libsigc++-2.0-0v5:amd64	2.12.1-4build1	amd64
libsigc++-3.0-0:amd64	3.6.0-2build1	amd64
libsimdutf31:amd64	8.0.0-1	amd64
libslang2:amd64	2.3.3-5build1	amd64
libsm6:amd64	2:1.2.6-1build1	amd64
libsmartcols1:amd64	2.41.3-3ubuntu2	amd64
libsmbclient0:amd64	2:4.23.6+dfsg-1ubuntu2	amd64
libsnapd-glib-2-1:amd64	1.72-0ubuntu3	amd64
libsnappy1v5:amd64	1.2.2-2	amd64
libsndfile1:amd64	1.2.2-4	amd64
libsnmp-base	5.9.4+dfsg-2ubuntu3	amd64
libsnmp40t64:amd64	5.9.4+dfsg-2ubuntu3	amd64
libsodium23:amd64	1.0.18-2	amd64
libsonic0:amd64	0.2.0-13build2	amd64
libsoup-3.0-0:amd64	3.6.6-1	amd64
libsoup-3.0-common	3.6.6-1	amd64
libsource-highlight-common	3.1.9-4.3build2	amd64
libsource-highlight4t64:amd64	3.1.9-4.3build2	amd64
libspa-0.2-bluetooth:amd64	1.6.2-1ubuntu1	amd64
libspa-0.2-libcamera:amd64	1.6.2-1ubuntu1	amd64
libspa-0.2-modules:amd64	1.6.2-1ubuntu1	amd64
libspeechd-module0:amd64	0.12.1-2ubuntu1	amd64
libspeechd2:amd64	0.12.1-2ubuntu1	amd64
libspeex1:amd64	1.2.1-3build1	amd64
libspeexdsp1:amd64	1.2.1-3build1	amd64
libspelling-1-2:amd64	0.4.9-1build1	amd64
libspelling-common	0.4.9-1build1	amd64
libsqlite3-0:amd64	3.46.1-9	amd64
libss2:amd64	1.47.2-3ubuntu4	amd64
libssh-4:amd64	0.11.3-1ubuntu1	amd64
libssh2-1t64:amd64	1.11.1-1build2	amd64
libssl3t64:amd64	3.5.5-1ubuntu3	amd64
libsss-certmap0	2.12.0-1ubuntu5	amd64
libsss-idmap0	2.12.0-1ubuntu5	amd64
libsss-nss-idmap0	2.12.0-1ubuntu5	amd64
libstartup-notification0:amd64	0.12-8build1	amd64
libstdc++6:amd64	16-20260322-1ubuntu1	amd64
libstemmer0d:amd64	3.0.1-1	amd64
libsuitesparseconfig7:amd64	1:7.12.2+dfsg-1ubuntu1	amd64
libsysprof-6-6:amd64	50.0-1	amd64
libsysprof-6-modules:amd64	50.0-1	amd64
libsystemd-shared:amd64	259.5-0ubuntu3	amd64
libsystemd0:amd64	259.5-0ubuntu3	amd64
libtag2:amd64	2.2.1-3	amd64
libtalloc2:amd64	2:2.4.3+samba4.23.6+dfsg-1ubuntu2	amd64
libtasn1-6:amd64	4.21.0-2	amd64
libtcl8.6:amd64	8.6.17+dfsg-1build1	amd64
libtdb1:amd64	2:1.4.14+samba4.23.6+dfsg-1ubuntu2	amd64
libteamdctl0:amd64	1.31-1build4	amd64
libtevent0t64:amd64	2:0.17.1+samba4.23.6+dfsg-1ubuntu2	amd64
libtext-charwidth-perl:amd64	0.04-11build4	amd64
libtext-iconv-perl:amd64	1.7-8.1	amd64
libtext-wrapi18n-perl	0.06-10	amd64
libthai-data	0.1.30-1	amd64
libthai0:amd64	0.1.30-1	amd64
libtheora1:amd64	1.2.0+dfsg-6	amd64
libtheoradec2:amd64	1.2.0+dfsg-6	amd64
libtheoraenc2:amd64	1.2.0+dfsg-6	amd64
libtie-ixhash-perl	1.23-4	amd64
libtiff6:amd64	4.7.0-3ubuntu4	amd64
libtimedate-perl	2.3300-2	amd64
libtinfo6:amd64	6.6+20251231-1	amd64
libtinysparql-3.0-0:amd64	3.11.0-1	amd64
libtirpc-common	1.3.7-0.1	amd64
libtirpc3t64:amd64	1.3.7-0.1	amd64
libtotem-plparser-common	3.26.6-3	amd64
libtotem-plparser18:amd64	3.26.6-3	amd64
libtraceevent1-plugin:amd64	1:1.8.7-1	amd64
libtraceevent1:amd64	1:1.8.7-1	amd64
libtracefs1:amd64	1.8.2-1ubuntu1	amd64
libtry-tiny-perl	0.32-1	amd64
libtss2-esys-3.0.2-0t64:amd64	4.1.3-6	amd64
libtss2-mu-4.0.1-0t64:amd64	4.1.3-6	amd64
libtss2-rc0t64:amd64	4.1.3-6	amd64
libtss2-sys1t64:amd64	4.1.3-6	amd64
libtss2-tcti-cmd0t64:amd64	4.1.3-6	amd64
libtss2-tcti-device0t64:amd64	4.1.3-6	amd64
libtss2-tcti-libtpms0t64:amd64	4.1.3-6	amd64
libtss2-tcti-mssim0t64:amd64	4.1.3-6	amd64
libtss2-tcti-spi-helper0t64:amd64	4.1.3-6	amd64
libtss2-tcti-swtpm0t64:amd64	4.1.3-6	amd64
libtss2-tctildr0t64:amd64	4.1.3-6	amd64
libtwolame0:amd64	0.4.0-2build4	amd64
libuchardet0:amd64	0.0.8-2	amd64
libudev1:amd64	259.5-0ubuntu3	amd64
libudisks2-0:amd64	2.10.91-1ubuntu2	amd64
libunistring5:amd64	1.3-2build1	amd64
libunity-protocol-private0:amd64	7.1.4+19.04.20190319-6.1ubuntu1	amd64
libunity-scopes-json-def-desktop	7.1.4+19.04.20190319-6.1ubuntu1	amd64
libunity9	7.1.4+19.04.20190319-6.1ubuntu1	amd64
libuno-cppu3t64	4:26.2.2.2-0ubuntu1	amd64
libuno-cppuhelpergcc3-3t64	4:26.2.2.2-0ubuntu1	amd64
libuno-purpenvhelpergcc3-3t64	4:26.2.2.2-0ubuntu1	amd64
libuno-sal3t64	4:26.2.2.2-0ubuntu1	amd64
libuno-salhelpergcc3-3t64	4:26.2.2.2-0ubuntu1	amd64
libunwind8:amd64	1.8.3-0ubuntu1	amd64
libupower-glib3:amd64	1.91.1-1	amd64
liburcu8t64:amd64	0.15.6-1	amd64
liburi-perl	5.34-2build1	amd64
liburing2:amd64	2.14-1	amd64
libusb-1.0-0:amd64	2:1.0.29-2build1	amd64
libusbmuxd-2.0-7:amd64	2.1.1-1	amd64
libuuid1:amd64	2.41.3-3ubuntu2	amd64
libuutil3linux:amd64	2.4.1-1ubuntu5	amd64
libuv1t64:amd64	1.51.0-2ubuntu1	amd64
libv4l-0t64:amd64	1.32.0-2ubuntu1	amd64
libv4lconvert0t64:amd64	1.32.0-2ubuntu1	amd64
libva-drm2:amd64	2.23.0-1ubuntu1	amd64
libva2:amd64	2.23.0-1ubuntu1	amd64
libvisio-0.1-1:amd64	0.1.10-1build1	amd64
libvisual-0.4-0:amd64	0.4.2-4	amd64
libvncclient1:amd64	0.9.15+dfsg-3	amd64
libvolume-key1:amd64	0.3.12-10build2	amd64
libvorbis0a:amd64	1.3.7-3build2	amd64
libvorbisenc2:amd64	1.3.7-3build2	amd64
libvorbisfile3:amd64	1.3.7-3build2	amd64
libvpx12:amd64	1.16.0-3	amd64
libvte-2.91-0:amd64	0.84.0-2	amd64
libvte-2.91-common	0.84.0-2	amd64
libvte-2.91-gtk4-0:amd64	0.84.0-2	amd64
libvulkan1:amd64	1.4.341.0-1	amd64
libwacom-common	2.18.0-1	amd64
libwacom9:amd64	2.18.0-1	amd64
libwavpack1:amd64	5.9.0-1	amd64
libwayland-client0:amd64	1.24.0-2	amd64
libwayland-cursor0:amd64	1.24.0-2	amd64
libwayland-egl1:amd64	1.24.0-2	amd64
libwayland-server0:amd64	1.24.0-2	amd64
libwbclient0:amd64	2:4.23.6+dfsg-1ubuntu2	amd64
libwebkit2gtk-4.1-0:amd64	2.52.0-1	amd64
libwebkitgtk-6.0-4:amd64	2.52.0-1	amd64
libwebp7:amd64	1.5.0-0.1build1	amd64
libwebpdemux2:amd64	1.5.0-0.1build1	amd64
libwebpmux3:amd64	1.5.0-0.1build1	amd64
libwebrtc-audio-processing-1-3:amd64	1.3-3build2	amd64
libwhoopsie-preferences0	23build4	amd64
libwhoopsie0:amd64	0.2.82ubuntu	amd64
libwinpr3-3:amd64	3.24.2+dfsg-1ubuntu1	amd64
libwireplumber-0.5-0:amd64	0.5.13-1ubuntu1	amd64
libwmf-0.2-7-gtk:amd64	0.2.14-1	amd64
libwmf-0.2-7:amd64	0.2.14-1	amd64
libwmflite-0.2-7:amd64	0.2.14-1	amd64
libwnck-3-0:amd64	43.3-1build1	amd64
libwnck-3-common	43.3-1build1	amd64
libwpd-0.10-10:amd64	0.10.3-2build3	amd64
libwpg-0.3-3:amd64	0.3.4-3build2	amd64
libwps-0.4-4:amd64	0.4.14-2build2	amd64
libwrap0:amd64	7.6.q-36build2	amd64
libwww-perl	6.81-1build1	amd64
libwww-robotrules-perl	6.02-1build1	amd64
libx11-6:amd64	2:1.8.13-1	amd64
libx11-data	2:1.8.13-1	amd64
libx11-protocol-perl	0.56-9	amd64
libx11-xcb1:amd64	2:1.8.13-1	amd64
libxau6:amd64	1:1.0.11-1build2	amd64
libxaw7:amd64	2:1.0.16-1build1	amd64
libxcb-dri3-0:amd64	1.17.0-2ubuntu1	amd64
libxcb-glx0:amd64	1.17.0-2ubuntu1	amd64
libxcb-present0:amd64	1.17.0-2ubuntu1	amd64
libxcb-randr0:amd64	1.17.0-2ubuntu1	amd64
libxcb-render0:amd64	1.17.0-2ubuntu1	amd64
libxcb-res0:amd64	1.17.0-2ubuntu1	amd64
libxcb-shape0:amd64	1.17.0-2ubuntu1	amd64
libxcb-shm0:amd64	1.17.0-2ubuntu1	amd64
libxcb-sync1:amd64	1.17.0-2ubuntu1	amd64
libxcb-util1:amd64	0.4.1-1build1	amd64
libxcb-xfixes0:amd64	1.17.0-2ubuntu1	amd64
libxcb1:amd64	1.17.0-2ubuntu1	amd64
libxcomposite1:amd64	1:0.4.6-1build1	amd64
libxcursor1:amd64	1:1.2.3-1build1	amd64
libxcvt0:amd64	0.1.3-1build1	amd64
libxdamage1:amd64	1:1.1.7-1	amd64
libxdmcp6:amd64	1:1.1.5-2	amd64
libxext6:amd64	2:1.3.4-1build3	amd64
libxfixes3:amd64	1:6.0.0-2build2	amd64
libxfont2:amd64	1:2.0.6-2	amd64
libxft2:amd64	2.3.6-1build2	amd64
libxi6:amd64	2:1.8.2-2	amd64
libxinerama1:amd64	2:1.1.4-3build2	amd64
libxkbcommon0:amd64	1.13.1-1	amd64
libxkbfile1:amd64	1:1.1.0-1build5	amd64
libxkbregistry0:amd64	1.13.1-1	amd64
libxml-parser-perl	2.47-1ubuntu1	amd64
libxml-twig-perl	1:3.54-1build1	amd64
libxml-xpathengine-perl	0.14-2	amd64
libxml2-16:amd64	2.15.2+dfsg-0.1	amd64
libxmlb2:amd64	0.3.24-2	amd64
libxmlsec1-1:amd64	1.3.9-1	amd64
libxmlsec1-nss1:amd64	1.3.9-1	amd64
libxmu6:amd64	2:1.1.3-4	amd64
libxmuu1:amd64	2:1.1.3-4	amd64
libxpm4:amd64	1:3.5.17-1build3	amd64
libxrandr2:amd64	2:1.5.4-1build1	amd64
libxrender1:amd64	1:0.9.12-1build1	amd64
libxres1:amd64	2:1.2.1-1build2	amd64
libxshmfence1:amd64	1.3.3-1build1	amd64
libxslt1.1:amd64	1.1.45-0.1	amd64
libxt6t64:amd64	1:1.2.1-1.3build1	amd64
libxtables12:amd64	1.8.11-2ubuntu3	amd64
libxtst6:amd64	2:1.2.5-1build1	amd64
libxv1:amd64	2:1.0.13-1	amd64
libxxf86dga1:amd64	2:1.1.5-1build2	amd64
libxxf86vm1:amd64	1:1.1.4-2	amd64
libxxhash0:amd64	0.8.3-2build1	amd64
libyajl2:amd64	2.1.0-5.1	amd64
libyaml-0-2:amd64	0.2.5-2build3	amd64
libyelp-1-0:amd64	49.0-5	amd64
libyuv0:amd64	0.0.1922.20260106-1	amd64
libzfs7linux:amd64	2.4.1-1ubuntu5	amd64
libzpool7linux:amd64	2.4.1-1ubuntu5	amd64
libzstd1:amd64	1.5.7+dfsg-3	amd64
linux-base	4.15ubuntu5	amd64
linux-firmware	20260319.git217ca6e4.1ubuntu	amd64
linux-firmware-amd-graphics	20260319.git217ca6e4-0ubuntu3	amd64
linux-firmware-amd-misc	20260319.git217ca6e4-0ubuntu1	amd64
linux-firmware-broadcom-wireless	20260319.git217ca6e4-0ubuntu1	amd64
linux-firmware-intel-graphics	20260319.git217ca6e4-0ubuntu2	amd64
linux-firmware-intel-misc	20260319.git217ca6e4-0ubuntu1	amd64
linux-firmware-intel-wireless	20260319.git217ca6e4-0ubuntu2	amd64
linux-firmware-marvell-prestera	20260319.git217ca6e4-0ubuntu1	amd64
linux-firmware-marvell-wireless	20260319.git217ca6e4-0ubuntu1	amd64
linux-firmware-mediatek	20260319.git217ca6e4-0ubuntu1	amd64
linux-firmware-mellanox-spectrum	20260319.git217ca6e4-0ubuntu1	amd64
linux-firmware-misc	20260319.git217ca6e4-0ubuntu2	amd64
linux-firmware-netronome	20260319.git217ca6e4-0ubuntu1	amd64
linux-firmware-nvidia-graphics	20260319.git217ca6e4-0ubuntu1	amd64
linux-firmware-qlogic	20260319.git217ca6e4-0ubuntu1	amd64
linux-firmware-qualcomm-graphics	20260319.git217ca6e4-0ubuntu1	amd64
linux-firmware-qualcomm-misc	20260319.git217ca6e4-0ubuntu2	amd64
linux-firmware-qualcomm-wireless	20260319.git217ca6e4-0ubuntu1	amd64
linux-firmware-realtek	20260319.git217ca6e4-0ubuntu1	amd64
linux-generic-hwe-24.04	7.0.0-14.14	amd64
linux-generic-hwe-26.04	7.0.0-14.14	amd64
linux-headers-7.0.0-14	7.0.0-14.14	amd64
linux-headers-7.0.0-14-generic	7.0.0-14.14	amd64
linux-headers-generic-hwe-26.04	7.0.0-14.14	amd64
linux-image-7.0.0-14-generic	7.0.0-14.14	amd64
linux-image-generic-hwe-26.04	7.0.0-14.14	amd64
linux-libc-dev:amd64	7.0.0-14.14	amd64
linux-main-modules-zfs-7.0.0-14-generic	7.0.0-14.14+3	amd64
linux-modules-7.0.0-14-generic	7.0.0-14.14	amd64
linux-perf	7.0.0-14.14	amd64
linux-sound-base	1.0.25+dfsg-0ubuntu9	amd64
linux-sysctl-defaults	4.15ubuntu5	amd64
linux-tools-7.0.0-14	7.0.0-14.14	amd64
linux-tools-7.0.0-14-generic	7.0.0-14.14	amd64
linux-tools-common	7.0.0-14.14	amd64
localechooser-data	2.89ubuntu7	amd64
locales	2.43-2ubuntu2	amd64
localsearch	3.11.0-1ubuntu1	amd64
login	1:4.16.0-2+really2.41.3-3ubuntu2	amd64
login.defs	1:4.17.4-2ubuntu3	amd64
logrotate	3.22.0-1build1	amd64
logsave	1.47.2-3ubuntu4	amd64
loupe	50.0-0ubuntu2	amd64
lsb-release	12.1-2build1	amd64
lshw	02.19.git.2021.06.19.996aaad9c7-2.1ubuntu3	amd64
lsof	4.99.4+dfsg-2build2	amd64
luit	2.0.20250912-1	amd64
lvm2	2.03.31-2ubuntu3	amd64
m17n-db	1.8.10-1build1	amd64
makedumpfile	1:1.7.7-1	amd64
man-db	2.13.1-1build1	amd64
manpages	6.17-1	amd64
manpages-dev	6.17-1	amd64
mawk	1.3.4.20260129-1	amd64
mdadm	4.5-5ubuntu1	amd64
media-player-info	26-1build1	amd64
media-types	14.0.0build1	amd64
memtest86+	8.00-3	amd64
mesa-libgallium:amd64	26.0.3-1ubuntu1	amd64
mesa-vulkan-drivers:amd64	26.0.3-1ubuntu1	amd64
mobile-broadband-provider-info	20251101-1build1	amd64
modemmanager	1.25.95-1ubuntu1	amd64
mokutil	0.7.2-2	amd64
mount	2.41.3-3ubuntu2	amd64
mozc-data	2.29.5160.102+dfsg-1.4ubuntu5	amd64
mozc-server	2.29.5160.102+dfsg-1.4ubuntu5	amd64
mscompress	0.4-10build2	amd64
mtr-tiny	0.95-1.1ubuntu2	amd64
mutter-common	50.1-0ubuntu2	amd64
mutter-common-bin	50.1-0ubuntu2	amd64
mythes-de	20160424-4build1	amd64
mythes-de-ch	20160424-4build1	amd64
mythes-en-au	2.1-8	amd64
mythes-en-us	1:25.2.3-1build1	amd64
mythes-es	1:25.2.3-1build1	amd64
mythes-fr	1:25.2.3-1build1	amd64
mythes-it	1:25.2.3-1build1	amd64
mythes-pt-pt	1:25.2.3-1build1	amd64
mythes-ru	1:25.2.3-1build1	amd64
nano	8.7.1-1	amd64
nautilus	1:50.0-0ubuntu2	amd64
nautilus-data	1:50.0-0ubuntu2	amd64
nautilus-sendto	3.8.6-8ubuntu1	amd64
ncurses-base	6.6+20251231-1	amd64
ncurses-bin	6.6+20251231-1	amd64
netbase	6.5build1	amd64
netcat-openbsd	1.234-1	amd64
netplan-generator	1.2-1ubuntu5	amd64
netplan.io	1.2-1ubuntu5	amd64
network-manager	1.54.3-2ubuntu3	amd64
network-manager-config-connectivity-ubuntu	1.54.3-2ubuntu3	amd64
network-manager-l10n	1.54.3-2ubuntu3	amd64
network-manager-openvpn	1.12.5-1	amd64
network-manager-openvpn-gnome	1.12.5-1	amd64
network-manager-pptp	1.2.12-6	amd64
network-manager-pptp-gnome	1.2.12-6	amd64
networkd-dispatcher	2.2.4-1.1ubuntu1	amd64
nftables	1.1.6-1	amd64
nm-connection-editor	1.36.0-4ubuntu1	amd64
ntfs-3g	1:2022.10.3-5build1	amd64
numactl	2.0.19-1build1	amd64
openprinting-ppds	20250819-1build1	amd64
openssh-client	1:10.2p1-2ubuntu3	amd64
openssl	3.5.5-1ubuntu3	amd64
openssl-provider-legacy	3.5.5-1ubuntu3	amd64
openvpn	2.7.0-1ubuntu1	amd64
orca	50.1.2-1ubuntu1	amd64
os-prober	1.84ubuntu1	amd64
p11-kit	0.26.2-2	amd64
p11-kit-modules:amd64	0.26.2-2	amd64
packagekit	1.3.4-3	amd64
papers	50.1-0ubuntu1	amd64
papers-common	50.1-0ubuntu1	amd64
parted	3.6-6	amd64
passwd	1:4.17.4-2ubuntu3	amd64
patch	2.8-2build1	amd64
pci.ids	0.0~2026.02.12-1	amd64
pciutils	1:3.14.0-1build2	amd64
pcmciautils	018-19	amd64
perl	5.40.1-7build1	amd64
perl-base	5.40.1-7build1	amd64
perl-modules-5.40	5.40.1-7build1	amd64
perl-openssl-defaults:amd64	7build4	amd64
pinentry-curses	1.3.2-3ubuntu1	amd64
pinentry-gnome3	1.3.2-3ubuntu1	amd64
pipewire-alsa:amd64	1.6.2-1ubuntu1	amd64
pipewire-audio	1.6.2-1ubuntu1	amd64
pipewire-bin	1.6.2-1ubuntu1	amd64
pipewire-pulse	1.6.2-1ubuntu1	amd64
pipewire:amd64	1.6.2-1ubuntu1	amd64
pkexec	127-2ubuntu1	amd64
plymouth	24.004.60+git20250831.4a3c171d-0ubuntu8	amd64
plymouth-label	24.004.60+git20250831.4a3c171d-0ubuntu8	amd64
plymouth-theme-spinner	24.004.60+git20250831.4a3c171d-0ubuntu8	amd64
plymouth-theme-ubuntu-text	24.004.60+git20250831.4a3c171d-0ubuntu8	amd64
pnp.ids	0.394-1build1	amd64
policykit-desktop-privileges	0.22build1	amd64
polkitd	127-2ubuntu1	amd64
poppler-data	0.4.12-1build1	amd64
poppler-utils	26.01.0-2build2	amd64
power-profiles-daemon	0.30-2	amd64
powermgmt-base	1.38ubuntu2	amd64
ppp	2.5.2-1+1.2	amd64
pptp-linux	1.10.0-2build1	amd64
printer-driver-brlaser	6.2.8-1	amd64
printer-driver-c2esp	27-11ubuntu8	amd64
printer-driver-foo2zjs	20200505dfsg0-3ubuntu1	amd64
printer-driver-foo2zjs-common	20200505dfsg0-3ubuntu1	amd64
printer-driver-hpcups	3.24.4+dfsg0-0ubuntu8	amd64
printer-driver-m2300w	0.51-15build3	amd64
printer-driver-min12xxw	0.0.9-11build4	amd64
printer-driver-pnm2ppa	1.13+nondbs-0ubuntu11	amd64
printer-driver-postscript-hp	3.24.4+dfsg0-0ubuntu8	amd64
printer-driver-ptouch	1.7.1-1build1	amd64
printer-driver-pxljr	1.4+repack0-6build3	amd64
printer-driver-sag-gdi	0.1-8build1	amd64
printer-driver-splix	2.0.1-2	amd64
procps	2:4.0.4-9ubuntu1	amd64
psmisc	23.7-2ubuntu2	amd64
ptyxis	50.1-1ubuntu2	amd64
publicsuffix	20260129.1928-1	amd64
python-apt-common	3.1.0ubuntu1	amd64
python-babel-localedata	2.17.0-2	amd64
python3	3.14.3-0ubuntu2	amd64
python3-apport	2.34.0-0ubuntu2	amd64
python3-apt	3.1.0ubuntu1	amd64
python3-aptdaemon	2.0.2build1	amd64
python3-aptdaemon.gtk3widgets	2.0.2build1	amd64
python3-attr	25.4.0-1build1	amd64
python3-autocommand	2.2.2-4	amd64
python3-babel	2.17.0-2	amd64
python3-bcrypt	5.0.0-3build1	amd64
python3-blinker	1.9.0-2build1	amd64
python3-bpfcc	0.35.0+ds-1ubuntu2	amd64
python3-brlapi:amd64	6.7-1ubuntu6	amd64
python3-cairo	1.27.0-2build2	amd64
python3-certifi	2026.1.4+ds-1	amd64
python3-cffi-backend:amd64	2.0.0-3build1	amd64
python3-chardet	5.2.0+dfsg-2build1	amd64
python3-click	8.2.0+0.really.8.1.8-1build1	amd64
python3-commandnotfound	23.04.0build1	amd64
python3-configobj	5.0.9-1build1	amd64
python3-cryptography	46.0.5-1ubuntu2	amd64
python3-cups	2.0.4-3build1	amd64
python3-cupshelpers	1.5.18-4ubuntu2	amd64
python3-dasbus	1.7-2build1	amd64
python3-dbus	1.4.0-1build2	amd64
python3-debconf	1.5.92	amd64
python3-debian	1.0.1ubuntu2	amd64
python3-defer	1.0.6-2.1ubuntu2	amd64
python3-distro	1.9.0-1build1	amd64
python3-distro-info	1.15	amd64
python3-distupgrade	1:26.04.16	amd64
python3-gdbm	3.14.3-0ubuntu2	amd64
python3-gi	3.56.2-1	amd64
python3-httplib2	0.22.0-1build1	amd64
python3-ibus-1.0	1.5.34~rc2-1	amd64
python3-idna	3.11-1	amd64
python3-inflect	7.5.0-1build1	amd64
python3-jaraco.context	6.0.1-2	amd64
python3-jaraco.functools	4.1.0-1build1	amd64
python3-jaraco.text	4.0.0-1build1	amd64
python3-jinja2	3.1.6-1build1	amd64
python3-json-pointer	2.4-4	amd64
python3-jsonpatch	1.32-6	amd64
python3-jsonschema	4.19.2-6ubuntu2	amd64
python3-jsonschema-specifications	2023.12.1-4	amd64
python3-jwt	2.10.1-4ubuntu1	amd64
python3-launchpadlib	2.1.0-1build1	amd64
python3-lazr.restfulclient	0.14.6-3build1	amd64
python3-lazr.uri	1.0.6-7build1	amd64
python3-linkify-it	2.0.3-1ubuntu3	amd64
python3-louis	3.36.0-1	amd64
python3-mako	1.3.10-3build1	amd64
python3-markdown-it	3.0.0-3build1	amd64
python3-markupsafe	3.0.3-1build1	amd64
python3-mdurl	0.1.2-1build1	amd64
python3-minimal	3.14.3-0ubuntu2	amd64
python3-more-itertools	10.8.0-1build1	amd64
python3-netaddr	1.3.0-1build1	amd64
python3-netplan	1.2-1ubuntu5	amd64
python3-oauthlib	3.3.1-1build1	amd64
python3-olefile	0.47-1build1	amd64
python3-passlib	1.9.3-1ubuntu1	amd64
python3-pexpect	4.9-4	amd64
python3-pil:amd64	12.1.1-2ubuntu1	amd64
python3-pkg-resources	78.1.1-0.1build1	amd64
python3-problem-report	2.34.0-0ubuntu2	amd64
python3-psutil	7.1.0-1ubuntu1	amd64
python3-ptyprocess	0.7.0-6build1	amd64
python3-pygments	2.19.2+dfsg-1	amd64
python3-pyparsing	3.3.2-2	amd64
python3-referencing	0.36.2-1ubuntu2	amd64
python3-requests	2.32.5+dfsg-1ubuntu1	amd64
python3-rich	13.9.4-1.2	amd64
python3-rpds-py	0.27.1-2ubuntu3	amd64
python3-serial	3.5-2build1	amd64
python3-setproctitle:amd64	1.3.7-2build1	amd64
python3-setuptools	78.1.1-0.1build1	amd64
python3-software-properties	0.120	amd64
python3-speechd	0.12.1-2ubuntu1	amd64
python3-sss	2.12.0-1ubuntu5	amd64
python3-systemd	235-1build9	amd64
python3-typeguard	4.4.4-2	amd64
python3-typing-extensions	4.15.0-2	amd64
python3-uc-micro	1.0.3-1build1	amd64
python3-uno	4:26.2.2.2-0ubuntu1	amd64
python3-update-manager	1:26.04.5	amd64
python3-urllib3	2.6.3-1ubuntu1	amd64
python3-wadllib	2.0.0-3	amd64
python3-xdg	0.28-3	amd64
python3-xkit	0.5.0ubuntu8	amd64
python3-yaml	6.0.3-1build1	amd64
python3-zipp	3.23.0-1build1	amd64
python3.14	3.14.4-1	amd64
python3.14-gdbm	3.14.4-1	amd64
python3.14-minimal	3.14.4-1	amd64
readline-common	8.3-4	amd64
realmd	0.17.1-3build3	amd64
remmina	1.4.40+dfsg-2ubuntu1	amd64
remmina-common	1.4.40+dfsg-2ubuntu1	amd64
remmina-plugin-rdp:amd64	1.4.40+dfsg-2ubuntu1	amd64
remmina-plugin-secret:amd64	1.4.40+dfsg-2ubuntu1	amd64
remmina-plugin-vnc:amd64	1.4.40+dfsg-2ubuntu1	amd64
resources	1.10.2-0ubuntu3	amd64
restic	0.18.1-3ubuntu1	amd64
rfkill	2.41.3-3ubuntu2	amd64
rhythmbox	3.4.9-3ubuntu3	amd64
rhythmbox-data	3.4.9-3ubuntu3	amd64
rhythmbox-plugin-alternative-toolbar	0.21.0-1	amd64
rhythmbox-plugins	3.4.9-3ubuntu3	amd64
rpcsvc-proto	1.4.3-1build1	amd64
rsync	3.4.1+ds1-7	amd64
rsyslog	8.2512.0-1ubuntu4	amd64
rtkit	0.14-1	amd64
rust-coreutils	0.8.0-0ubuntu3	amd64
rygel	45.0-1ubuntu1	amd64
samba-libs:amd64	2:4.23.6+dfsg-1ubuntu2	amd64
sane-airscan	0.99.36-2ubuntu1	amd64
sane-utils	1.4.0-1ubuntu1	amd64
sbsigntool	0.9.4-3.1ubuntu9	amd64
screen	4.9.1-3ubuntu2	amd64
seahorse	47.0.1-3build1	amd64
secureboot-db	1.9build2	amd64
sed	4.9-2build3	amd64
sensible-utils	0.0.26build1	amd64
sgml-base	1.31+nmu1build1	amd64
sgml-data	2.0.11+nmu1build1	amd64
shared-mime-info	2.4-5build3	amd64
shim-signed	1.59+15.8-0ubuntu2	amd64
shotwell	0.32.13-2ubuntu1	amd64
shotwell-common	0.32.13-2ubuntu1	amd64
showtime	50.0-0ubuntu1	amd64
simple-scan	48.1-0ubuntu3	amd64
snapd	2.74.1+ubuntu26.04.4	amd64
software-properties-common	0.120	amd64
sound-icons	0.1-8build1	amd64
sound-theme-freedesktop	0.8-7build1	amd64
speech-dispatcher	0.12.1-2ubuntu1	amd64
speech-dispatcher-audio-plugins:amd64	0.12.1-2ubuntu1	amd64
speech-dispatcher-espeak-ng	0.12.1-2ubuntu1	amd64
sphinx-rtd-theme-common	3.1.0+dfsg-1	amd64
spice-vdagent	0.23.0-1	amd64
squashfs-tools	1:4.7.5-1	amd64
ssl-cert	1.1.3ubuntu2	amd64
sssd	2.12.0-1ubuntu5	amd64
sssd-ad	2.12.0-1ubuntu5	amd64
sssd-ad-common	2.12.0-1ubuntu5	amd64
sssd-common	2.12.0-1ubuntu5	amd64
sssd-ipa	2.12.0-1ubuntu5	amd64
sssd-krb5	2.12.0-1ubuntu5	amd64
sssd-krb5-common	2.12.0-1ubuntu5	amd64
sssd-ldap	2.12.0-1ubuntu5	amd64
sssd-proxy	2.12.0-1ubuntu5	amd64
strace	6.19+ds-0ubuntu5	amd64
sudo	1.9.17p2-1ubuntu3	amd64
sudo-common	1.2ubuntu	amd64
sudo-rs	0.2.13-0ubuntu1	amd64
switcheroo-control	3.0-2	amd64
sysprof	50.0-1	amd64
sysstat	12.7.7-0ubuntu2	amd64
system-config-printer-common	1.5.18-4ubuntu2	amd64
system-config-printer-udev	1.5.18-4ubuntu2	amd64
systemd	259.5-0ubuntu3	amd64
systemd-cryptsetup	259.5-0ubuntu3	amd64
systemd-hwe-hwdb	259.5.3ubuntu	amd64
systemd-oomd	259.5-0ubuntu3	amd64
systemd-resolved	259.5-0ubuntu3	amd64
systemd-sysv	259.5-0ubuntu3	amd64
sysvinit-utils	3.15-5ubuntu1	amd64
tar	1.35+dfsg-4	amd64
tcl	8.6.16build1	amd64
tcl8.6	8.6.17+dfsg-1build1	amd64
tcpdump	4.99.6-1	amd64
tecla	49.0-2	amd64
telnet	0.17+2.7-2ubuntu1	amd64
thermald	2.5.11-0ubuntu1	amd64
thin-provisioning-tools	1.1.0-4ubuntu2	amd64
thunderbird	2:1snap1-0ubuntu5	amd64
thunderbird-locale-de	2:1snap1-0ubuntu5	amd64
thunderbird-locale-en	2:1snap1-0ubuntu5	amd64
thunderbird-locale-en-gb	2:1snap1-0ubuntu5	amd64
thunderbird-locale-en-us	2:1snap1-0ubuntu5	amd64
thunderbird-locale-es	2:1snap1-0ubuntu5	amd64
thunderbird-locale-es-ar	2:1snap1-0ubuntu5	amd64
thunderbird-locale-es-es	2:1snap1-0ubuntu5	amd64
thunderbird-locale-fr	2:1snap1-0ubuntu5	amd64
thunderbird-locale-it	2:1snap1-0ubuntu5	amd64
thunderbird-locale-pt	2:1snap1-0ubuntu5	amd64
thunderbird-locale-pt-br	2:1snap1-0ubuntu5	amd64
thunderbird-locale-pt-pt	2:1snap1-0ubuntu5	amd64
thunderbird-locale-ru	2:1snap1-0ubuntu5	amd64
thunderbird-locale-zh-cn	2:1snap1-0ubuntu5	amd64
thunderbird-locale-zh-hans	2:1snap1-0ubuntu5	amd64
thunderbird-locale-zh-tw	2:1snap1-0ubuntu5	amd64
time	1.9-0.4	amd64
tinysparql	3.11.0-1	amd64
tnftp	20260211-1	amd64
tpm-udev	4.1.3-6	amd64
trace-cmd	3.3.3-1ubuntu2	amd64
transmission-common	4.1.1+dfsg-1ubuntu1	amd64
transmission-gtk	4.1.1+dfsg-1ubuntu1	amd64
tzdata	2026a-3ubuntu1	amd64
ubuntu-advantage-desktop-daemon	1.13build1	amd64
ubuntu-desktop	1.570	amd64
ubuntu-desktop-minimal	1.570	amd64
ubuntu-docs	26.04.1	amd64
ubuntu-drivers-common	1:0.10.9	amd64
ubuntu-insights	0.9.3ubuntu	amd64
ubuntu-kernel-accessories	1.570	amd64
ubuntu-keyring	2023.11.28.1build1	amd64
ubuntu-minimal	1.570	amd64
ubuntu-pro-client	37.2ubuntu	amd64
ubuntu-pro-client-l10n	37.2ubuntu	amd64
ubuntu-release-upgrader-core	1:26.04.16	amd64
ubuntu-release-upgrader-gtk	1:26.04.16	amd64
ubuntu-report	1.7.3ubuntu4	amd64
ubuntu-session	50.0-0ubuntu3	amd64
ubuntu-settings	26.04.6	amd64
ubuntu-standard	1.570	amd64
ubuntu-wallpapers	26.04.2	amd64
ubuntu-wallpapers-resolute	26.04.2	amd64
ucf	3.0052ubuntu1	amd64
udev	259.5-0ubuntu3	amd64
udisks2	2.10.91-1ubuntu2	amd64
ufw	0.36.2-9build1	amd64
unattended-upgrades	2.12ubuntu9	amd64
uno-libs-private	4:26.2.2.2-0ubuntu1	amd64
unzip	6.0-29ubuntu1	amd64
update-inetd	4.54build1	amd64
update-manager	1:26.04.5	amd64
update-manager-core	1:26.04.5	amd64
update-notifier	3.207	amd64
update-notifier-common	3.207	amd64
upower	1.91.1-1	amd64
ure	4:26.2.2.2-0ubuntu1	amd64
usb-creator-common	0.4.1build1	amd64
usb-creator-gtk	0.4.1build1	amd64
usb-modeswitch	2.6.2-1ubuntu1	amd64
usb-modeswitch-data	20191128-7build1	amd64
usb.ids	2025.12.13-1	amd64
usbmuxd	1.1.1-7	amd64
usbutils	1:019-1	amd64
user-session-migration	0.5.1	amd64
user-setup	1.107ubuntu2	amd64
util-linux	2.41.3-3ubuntu2	amd64
uuid-runtime	2.41.3-3ubuntu2	amd64
vim-common	2:9.1.2141-1ubuntu4	amd64
vim-tiny	2:9.1.2141-1ubuntu4	amd64
wamerican	2020.12.07-4build1	amd64
wbrazilian	3.0~beta4-26	amd64
wbritish	2020.12.07-4build1	amd64
webp-pixbuf-loader:amd64	0.2.7-3	amd64
wfrench	1.2.9-1build1	amd64
wget	1.25.0-2ubuntu4	amd64
whiptail	0.52.25-1ubuntu3	amd64
whoopsie	0.2.82ubuntu	amd64
whoopsie-preferences	23build4	amd64
wireless-regdb	2026.02.04-0ubuntu1	amd64
wireplumber	0.5.13-1ubuntu1	amd64
witalian	1.10+nmu1build1	amd64
wngerman	20161207-16	amd64
wogerman	1:2-40	amd64
wpasupplicant	2:2.11-0ubuntu5	amd64
wportuguese	20251001-1build1	amd64
wsdd	2:0.8-5ubuntu1	amd64
wspanish	1.0.30build1	amd64
wswiss	20161207-16	amd64
x11-common	1:7.7+26ubuntu1	amd64
x11-utils	7.7+7build1	amd64
x11-xkb-utils	7.7+9build1	amd64
x11-xserver-utils	7.7+11build1	amd64
xauth	1:1.1.2-1.1build1	amd64
xbrlapi	6.7-1ubuntu6	amd64
xcursor-themes	1.0.6-0ubuntu2	amd64
xdg-dbus-proxy	0.1.7-1	amd64
xdg-desktop-portal	1.21.1+ds-1ubuntu3	amd64
xdg-desktop-portal-gnome	50.0-0ubuntu1	amd64
xdg-desktop-portal-gtk	1.15.3-2ubuntu1	amd64
xdg-terminal-exec	0.14.0-1	amd64
xdg-user-dirs	0.19-1	amd64
xdg-user-dirs-gtk	0.16-1	amd64
xdg-utils	1.2.1-2ubuntu2	amd64
xfonts-base	1:1.0.5+nmu1build1	amd64
xfonts-encodings	1:1.0.5-0ubuntu3	amd64
xfonts-utils	1:7.7+7build1	amd64
xfsprogs	6.18.0-3	amd64
xkb-data	2.46-2	amd64
xml-core	0.19build1	amd64
xorriso	1:1.5.6-1.1ubuntu4	amd64
xserver-common	2:21.1.22-1ubuntu1	amd64
xwayland	2:24.1.10-1	amd64
xxd	2:9.1.2141-1ubuntu4	amd64
xz-utils	5.8.3-1	amd64
yaru-theme-gnome-shell	26.04.5.1ubuntu	amd64
yaru-theme-gtk	26.04.5.1ubuntu	amd64
yaru-theme-icon	26.04.5.1ubuntu	amd64
yaru-theme-sound	26.04.5.1ubuntu	amd64
yelp	49.0-5	amd64
yelp-xsl	49.0-2	amd64
zenity	4.2.1-1	amd64
zenity-common	4.2.1-1	amd64
zfs-zed	2.4.1-1ubuntu5	amd64
zfsutils-linux	2.4.1-1ubuntu5	amd64
zip	3.0-15ubuntu3	amd64
zlib1g:amd64	1:1.3.dfsg+really1.3.1-1ubuntu3	amd64
zstd	1.5.7+dfsg-3	amd64
